state_name,state_fips,state_abbrev,county_name,county_fips,year,month,unemployed,unemployment_rate
South Dakota,46,SD,Aurora,46003,2020,3,41,2.70%
South Dakota,46,SD,Beadle,46005,2020,3,307,3.20%
South Dakota,46,SD,Bennett,46007,2020,3,51,4.70%
South Dakota,46,SD,Bon Homme,46009,2020,3,89,3.10%
South Dakota,46,SD,Brookings,46011,2020,3,595,3.00%
South Dakota,46,SD,Brown,46013,2020,3,660,3.20%
South Dakota,46,SD,Brule,46015,2020,3,77,3.20%
South Dakota,46,SD,Buffalo,46017,2020,3,32,4.90%
South Dakota,46,SD,Butte,46019,2020,3,183,3.60%
South Dakota,46,SD,Campbell,46021,2020,3,38,4.80%
South Dakota,46,SD,Charles Mix,46023,2020,3,130,3.50%
South Dakota,46,SD,Clark,46025,2020,3,96,4.90%
South Dakota,46,SD,Clay,46027,2020,3,223,2.90%
South Dakota,46,SD,Codington,46029,2020,3,508,3.30%
South Dakota,46,SD,Corson,46031,2020,3,68,4.90%
South Dakota,46,SD,Custer,46033,2020,3,203,5.00%
South Dakota,46,SD,Davison,46035,2020,3,370,3.30%
South Dakota,46,SD,Day,46037,2020,3,167,6.00%
South Dakota,46,SD,Deuel,46039,2020,3,145,6.70%
South Dakota,46,SD,Dewey,46041,2020,3,142,6.40%
South Dakota,46,SD,Douglas,46043,2020,3,51,3.20%
South Dakota,46,SD,Edmunds,46045,2020,3,61,3.00%
South Dakota,46,SD,Fall River,46047,2020,3,147,5.00%
South Dakota,46,SD,Faulk,46049,2020,3,38,3.50%
South Dakota,46,SD,Grant,46051,2020,3,215,4.80%
South Dakota,46,SD,Gregory,46053,2020,3,72,3.50%
South Dakota,46,SD,Haakon,46055,2020,3,32,3.00%
South Dakota,46,SD,Hamlin,46057,2020,3,114,3.40%
South Dakota,46,SD,Hand,46059,2020,3,46,2.60%
South Dakota,46,SD,Hanson,46061,2020,3,101,5.70%
South Dakota,46,SD,Harding,46063,2020,3,22,2.90%
South Dakota,46,SD,Hughes,46065,2020,3,290,2.90%
South Dakota,46,SD,Hutchinson,46067,2020,3,148,4.00%
South Dakota,46,SD,Hyde,46069,2020,3,20,2.90%
South Dakota,46,SD,Jackson,46071,2020,3,63,5.40%
South Dakota,46,SD,Jerauld,46073,2020,3,27,2.40%
South Dakota,46,SD,Jones,46075,2020,3,17,3.30%
South Dakota,46,SD,Kingsbury,46077,2020,3,94,3.50%
South Dakota,46,SD,Lake,46079,2020,3,217,3.20%
South Dakota,46,SD,Lawrence,46081,2020,3,397,3.00%
South Dakota,46,SD,Lincoln,46083,2020,3,908,2.60%
South Dakota,46,SD,Lyman,46085,2020,3,80,4.90%
South Dakota,46,SD,McCook,46087,2020,3,119,5.00%
South Dakota,46,SD,McPherson,46089,2020,3,101,3.20%
South Dakota,46,SD,Marshall,46091,2020,3,49,4.80%
South Dakota,46,SD,Meade,46093,2020,3,493,3.50%
South Dakota,46,SD,Mellette,46095,2020,3,43,5.70%
South Dakota,46,SD,Miner,46097,2020,3,32,2.70%
South Dakota,46,SD,Minnehaha,46099,2020,3,"3,600",3.20%
South Dakota,46,SD,Moody,46101,2020,3,150,3.70%
South Dakota,46,SD,Pennington,46103,2020,3,275,7.90%
South Dakota,46,SD,Perkins,46105,2020,3,"1,994",3.50%
South Dakota,46,SD,Potter,46107,2020,3,41,2.80%
South Dakota,46,SD,Roberts,46109,2020,3,34,3.30%
South Dakota,46,SD,Sanborn,46111,2020,3,292,5.90%
South Dakota,46,SD,Shannon,46113,2020,3,46,3.80%
South Dakota,46,SD,Spink,46115,2020,3,143,4.40%
South Dakota,46,SD,Stanley,46117,2020,3,70,3.80%
South Dakota,46,SD,Sully,46119,2020,3,24,3.00%
South Dakota,46,SD,Todd,46121,2020,3,189,6.00%
South Dakota,46,SD,Tripp,46123,2020,3,87,2.80%
South Dakota,46,SD,Turner,46125,2020,3,169,3.50%
South Dakota,46,SD,Union,46127,2020,3,276,3.30%
South Dakota,46,SD,Walworth,46129,2020,3,143,6.70%
South Dakota,46,SD,Yankton,46135,2020,3,353,3.00%
South Dakota,46,SD,Ziebach,46137,2020,3,34,3.70%
South Dakota,46,SD,Aurora,46003,2020,2,42,2.90%
South Dakota,46,SD,Beadle,46005,2020,2,314,3.30%
South Dakota,46,SD,Bennett,46007,2020,2,60,5.60%
South Dakota,46,SD,Bon Homme,46009,2020,2,102,3.60%
South Dakota,46,SD,Brookings,46011,2020,2,603,3.10%
South Dakota,46,SD,Brown,46013,2020,2,691,3.30%
South Dakota,46,SD,Brule,46015,2020,2,79,3.40%
South Dakota,46,SD,Buffalo,46017,2020,2,44,6.60%
South Dakota,46,SD,Butte,46019,2020,2,189,3.80%
South Dakota,46,SD,Campbell,46021,2020,2,32,4.20%
South Dakota,46,SD,Charles Mix,46023,2020,2,127,3.50%
South Dakota,46,SD,Clark,46025,2020,2,90,4.80%
South Dakota,46,SD,Clay,46027,2020,2,211,2.70%
South Dakota,46,SD,Codington,46029,2020,2,523,3.40%
South Dakota,46,SD,Corson,46031,2020,2,72,5.30%
South Dakota,46,SD,Custer,46033,2020,2,211,5.30%
South Dakota,46,SD,Davison,46035,2020,2,365,3.30%
South Dakota,46,SD,Day,46037,2020,2,174,6.30%
South Dakota,46,SD,Deuel,46039,2020,2,162,7.60%
South Dakota,46,SD,Dewey,46041,2020,2,139,6.40%
South Dakota,46,SD,Douglas,46043,2020,2,60,3.80%
South Dakota,46,SD,Edmunds,46045,2020,2,62,3.10%
South Dakota,46,SD,Fall River,46047,2020,2,137,4.80%
South Dakota,46,SD,Faulk,46049,2020,2,39,3.80%
South Dakota,46,SD,Grant,46051,2020,2,238,5.40%
South Dakota,46,SD,Gregory,46053,2020,2,74,3.70%
South Dakota,46,SD,Haakon,46055,2020,2,33,3.20%
South Dakota,46,SD,Hamlin,46057,2020,2,115,3.50%
South Dakota,46,SD,Hand,46059,2020,2,48,2.80%
South Dakota,46,SD,Hanson,46061,2020,2,108,6.20%
South Dakota,46,SD,Harding,46063,2020,2,18,2.50%
South Dakota,46,SD,Hughes,46065,2020,2,315,3.20%
South Dakota,46,SD,Hutchinson,46067,2020,2,152,4.20%
South Dakota,46,SD,Hyde,46069,2020,2,25,3.70%
South Dakota,46,SD,Jackson,46071,2020,2,69,6.20%
South Dakota,46,SD,Jerauld,46073,2020,2,26,2.40%
South Dakota,46,SD,Jones,46075,2020,2,19,3.80%
South Dakota,46,SD,Kingsbury,46077,2020,2,99,3.80%
South Dakota,46,SD,Lake,46079,2020,2,231,3.40%
South Dakota,46,SD,Lawrence,46081,2020,2,402,3.00%
South Dakota,46,SD,Lincoln,46083,2020,2,961,2.80%
South Dakota,46,SD,Lyman,46085,2020,2,83,5.20%
South Dakota,46,SD,McCook,46087,2020,2,129,5.50%
South Dakota,46,SD,McPherson,46089,2020,2,106,3.40%
South Dakota,46,SD,Marshall,46091,2020,2,51,5.20%
South Dakota,46,SD,Meade,46093,2020,2,518,3.70%
South Dakota,46,SD,Mellette,46095,2020,2,44,6.10%
South Dakota,46,SD,Miner,46097,2020,2,35,3.00%
South Dakota,46,SD,Minnehaha,46099,2020,2,"3,754",3.30%
South Dakota,46,SD,Moody,46101,2020,2,157,3.90%
South Dakota,46,SD,Pennington,46103,2020,2,293,8.30%
South Dakota,46,SD,Perkins,46105,2020,2,"2,092",3.70%
South Dakota,46,SD,Potter,46107,2020,2,46,3.30%
South Dakota,46,SD,Roberts,46109,2020,2,33,3.40%
South Dakota,46,SD,Sanborn,46111,2020,2,308,6.30%
South Dakota,46,SD,Shannon,46113,2020,2,42,3.70%
South Dakota,46,SD,Spink,46115,2020,2,150,4.80%
South Dakota,46,SD,Stanley,46117,2020,2,78,4.30%
South Dakota,46,SD,Sully,46119,2020,2,21,2.70%
South Dakota,46,SD,Todd,46121,2020,2,199,6.30%
South Dakota,46,SD,Tripp,46123,2020,2,90,3.00%
South Dakota,46,SD,Turner,46125,2020,2,182,3.90%
South Dakota,46,SD,Union,46127,2020,2,319,3.70%
South Dakota,46,SD,Walworth,46129,2020,2,152,7.20%
South Dakota,46,SD,Yankton,46135,2020,2,374,3.10%
South Dakota,46,SD,Ziebach,46137,2020,2,33,3.70%
South Dakota,46,SD,Aurora,46003,2020,1,46,3.10%
South Dakota,46,SD,Beadle,46005,2020,1,332,3.50%
South Dakota,46,SD,Bennett,46007,2020,1,63,5.80%
South Dakota,46,SD,Bon Homme,46009,2020,1,108,3.80%
South Dakota,46,SD,Brookings,46011,2020,1,718,3.80%
South Dakota,46,SD,Brown,46013,2020,1,730,3.50%
South Dakota,46,SD,Brule,46015,2020,1,86,3.60%
South Dakota,46,SD,Buffalo,46017,2020,1,41,6.20%
South Dakota,46,SD,Butte,46019,2020,1,202,4.10%
South Dakota,46,SD,Campbell,46021,2020,1,32,4.20%
South Dakota,46,SD,Charles Mix,46023,2020,1,144,3.90%
South Dakota,46,SD,Clark,46025,2020,1,95,5.00%
South Dakota,46,SD,Clay,46027,2020,1,259,3.40%
South Dakota,46,SD,Codington,46029,2020,1,542,3.50%
South Dakota,46,SD,Corson,46031,2020,1,71,5.30%
South Dakota,46,SD,Custer,46033,2020,1,220,5.50%
South Dakota,46,SD,Davison,46035,2020,1,376,3.40%
South Dakota,46,SD,Day,46037,2020,1,176,6.40%
South Dakota,46,SD,Deuel,46039,2020,1,171,8.10%
South Dakota,46,SD,Dewey,46041,2020,1,151,6.90%
South Dakota,46,SD,Douglas,46043,2020,1,56,3.60%
South Dakota,46,SD,Edmunds,46045,2020,1,69,3.40%
South Dakota,46,SD,Fall River,46047,2020,1,147,5.10%
South Dakota,46,SD,Faulk,46049,2020,1,39,3.80%
South Dakota,46,SD,Grant,46051,2020,1,232,5.20%
South Dakota,46,SD,Gregory,46053,2020,1,85,4.30%
South Dakota,46,SD,Haakon,46055,2020,1,34,3.30%
South Dakota,46,SD,Hamlin,46057,2020,1,125,3.80%
South Dakota,46,SD,Hand,46059,2020,1,53,3.00%
South Dakota,46,SD,Hanson,46061,2020,1,110,6.30%
South Dakota,46,SD,Harding,46063,2020,1,20,2.80%
South Dakota,46,SD,Hughes,46065,2020,1,320,3.20%
South Dakota,46,SD,Hutchinson,46067,2020,1,147,4.10%
South Dakota,46,SD,Hyde,46069,2020,1,27,3.90%
South Dakota,46,SD,Jackson,46071,2020,1,75,6.60%
South Dakota,46,SD,Jerauld,46073,2020,1,25,2.30%
South Dakota,46,SD,Jones,46075,2020,1,19,3.80%
South Dakota,46,SD,Kingsbury,46077,2020,1,95,3.70%
South Dakota,46,SD,Lake,46079,2020,1,249,3.80%
South Dakota,46,SD,Lawrence,46081,2020,1,435,3.30%
South Dakota,46,SD,Lincoln,46083,2020,1,"1,008",2.90%
South Dakota,46,SD,Lyman,46085,2020,1,86,5.30%
South Dakota,46,SD,McCook,46087,2020,1,117,5.00%
South Dakota,46,SD,McPherson,46089,2020,1,107,3.50%
South Dakota,46,SD,Marshall,46091,2020,1,53,5.30%
South Dakota,46,SD,Meade,46093,2020,1,552,3.90%
South Dakota,46,SD,Mellette,46095,2020,1,51,6.90%
South Dakota,46,SD,Miner,46097,2020,1,37,3.20%
South Dakota,46,SD,Minnehaha,46099,2020,1,"3,944",3.50%
South Dakota,46,SD,Moody,46101,2020,1,149,3.80%
South Dakota,46,SD,Pennington,46103,2020,1,325,9.20%
South Dakota,46,SD,Perkins,46105,2020,1,"2,138",3.80%
South Dakota,46,SD,Potter,46107,2020,1,42,3.00%
South Dakota,46,SD,Roberts,46109,2020,1,36,3.70%
South Dakota,46,SD,Sanborn,46111,2020,1,303,6.20%
South Dakota,46,SD,Shannon,46113,2020,1,42,3.70%
South Dakota,46,SD,Spink,46115,2020,1,144,4.60%
South Dakota,46,SD,Stanley,46117,2020,1,76,4.10%
South Dakota,46,SD,Sully,46119,2020,1,24,3.10%
South Dakota,46,SD,Todd,46121,2020,1,220,7.00%
South Dakota,46,SD,Tripp,46123,2020,1,97,3.20%
South Dakota,46,SD,Turner,46125,2020,1,197,4.20%
South Dakota,46,SD,Union,46127,2020,1,324,3.80%
South Dakota,46,SD,Walworth,46129,2020,1,151,7.20%
South Dakota,46,SD,Yankton,46135,2020,1,378,3.20%
South Dakota,46,SD,Ziebach,46137,2020,1,37,4.10%
South Dakota,46,SD,Aurora,46003,2019,12,47,3.10%
South Dakota,46,SD,Beadle,46005,2019,12,308,3.20%
South Dakota,46,SD,Bennett,46007,2019,12,58,5.30%
South Dakota,46,SD,Bon Homme,46009,2019,12,106,3.70%
South Dakota,46,SD,Brookings,46011,2019,12,719,3.70%
South Dakota,46,SD,Brown,46013,2019,12,667,3.20%
South Dakota,46,SD,Brule,46015,2019,12,77,3.20%
South Dakota,46,SD,Buffalo,46017,2019,12,45,6.70%
South Dakota,46,SD,Butte,46019,2019,12,206,4.10%
South Dakota,46,SD,Campbell,46021,2019,12,31,3.90%
South Dakota,46,SD,Charles Mix,46023,2019,12,155,4.20%
South Dakota,46,SD,Clark,46025,2019,12,58,3.10%
South Dakota,46,SD,Clay,46027,2019,12,285,3.80%
South Dakota,46,SD,Codington,46029,2019,12,505,3.20%
South Dakota,46,SD,Corson,46031,2019,12,71,5.10%
South Dakota,46,SD,Custer,46033,2019,12,202,5.10%
South Dakota,46,SD,Davison,46035,2019,12,363,3.30%
South Dakota,46,SD,Day,46037,2019,12,142,5.20%
South Dakota,46,SD,Deuel,46039,2019,12,121,5.60%
South Dakota,46,SD,Dewey,46041,2019,12,155,7.00%
South Dakota,46,SD,Douglas,46043,2019,12,52,3.20%
South Dakota,46,SD,Edmunds,46045,2019,12,66,3.20%
South Dakota,46,SD,Fall River,46047,2019,12,123,4.30%
South Dakota,46,SD,Faulk,46049,2019,12,37,3.40%
South Dakota,46,SD,Grant,46051,2019,12,152,3.40%
South Dakota,46,SD,Gregory,46053,2019,12,77,3.70%
South Dakota,46,SD,Haakon,46055,2019,12,34,3.20%
South Dakota,46,SD,Hamlin,46057,2019,12,110,3.30%
South Dakota,46,SD,Hand,46059,2019,12,53,2.90%
South Dakota,46,SD,Hanson,46061,2019,12,95,5.40%
South Dakota,46,SD,Harding,46063,2019,12,21,2.80%
South Dakota,46,SD,Hughes,46065,2019,12,266,2.70%
South Dakota,46,SD,Hutchinson,46067,2019,12,134,3.70%
South Dakota,46,SD,Hyde,46069,2019,12,26,3.80%
South Dakota,46,SD,Jackson,46071,2019,12,77,6.30%
South Dakota,46,SD,Jerauld,46073,2019,12,29,2.60%
South Dakota,46,SD,Jones,46075,2019,12,19,3.60%
South Dakota,46,SD,Kingsbury,46077,2019,12,77,2.90%
South Dakota,46,SD,Lake,46079,2019,12,243,3.60%
South Dakota,46,SD,Lawrence,46081,2019,12,455,3.40%
South Dakota,46,SD,Lincoln,46083,2019,12,937,2.70%
South Dakota,46,SD,Lyman,46085,2019,12,79,4.70%
South Dakota,46,SD,McCook,46087,2019,12,108,4.50%
South Dakota,46,SD,McPherson,46089,2019,12,97,3.10%
South Dakota,46,SD,Marshall,46091,2019,12,52,5.00%
South Dakota,46,SD,Meade,46093,2019,12,506,3.60%
South Dakota,46,SD,Mellette,46095,2019,12,47,6.30%
South Dakota,46,SD,Miner,46097,2019,12,44,3.70%
South Dakota,46,SD,Minnehaha,46099,2019,12,"3,542",3.10%
South Dakota,46,SD,Moody,46101,2019,12,132,3.30%
South Dakota,46,SD,Pennington,46103,2019,12,358,10.00%
South Dakota,46,SD,Perkins,46105,2019,12,"2,049",3.70%
South Dakota,46,SD,Potter,46107,2019,12,48,3.40%
South Dakota,46,SD,Roberts,46109,2019,12,37,3.50%
South Dakota,46,SD,Sanborn,46111,2019,12,248,5.10%
South Dakota,46,SD,Shannon,46113,2019,12,42,3.60%
South Dakota,46,SD,Spink,46115,2019,12,116,3.60%
South Dakota,46,SD,Stanley,46117,2019,12,53,2.90%
South Dakota,46,SD,Sully,46119,2019,12,21,2.60%
South Dakota,46,SD,Todd,46121,2019,12,211,6.70%
South Dakota,46,SD,Tripp,46123,2019,12,95,3.10%
South Dakota,46,SD,Turner,46125,2019,12,147,3.10%
South Dakota,46,SD,Union,46127,2019,12,322,3.80%
South Dakota,46,SD,Walworth,46129,2019,12,114,5.40%
South Dakota,46,SD,Yankton,46135,2019,12,382,3.20%
South Dakota,46,SD,Ziebach,46137,2019,12,50,5.30%
South Dakota,46,SD,Aurora,46003,2019,11,42,2.80%
South Dakota,46,SD,Beadle,46005,2019,11,299,3.10%
South Dakota,46,SD,Bennett,46007,2019,11,64,5.80%
South Dakota,46,SD,Bon Homme,46009,2019,11,98,3.40%
South Dakota,46,SD,Brookings,46011,2019,11,699,3.50%
South Dakota,46,SD,Brown,46013,2019,11,635,3.00%
South Dakota,46,SD,Brule,46015,2019,11,73,3.00%
South Dakota,46,SD,Buffalo,46017,2019,11,58,8.50%
South Dakota,46,SD,Butte,46019,2019,11,182,3.60%
South Dakota,46,SD,Campbell,46021,2019,11,27,3.50%
South Dakota,46,SD,Charles Mix,46023,2019,11,156,4.20%
South Dakota,46,SD,Clark,46025,2019,11,62,3.30%
South Dakota,46,SD,Clay,46027,2019,11,290,3.70%
South Dakota,46,SD,Codington,46029,2019,11,452,2.90%
South Dakota,46,SD,Corson,46031,2019,11,83,6.00%
South Dakota,46,SD,Custer,46033,2019,11,174,4.40%
South Dakota,46,SD,Davison,46035,2019,11,319,2.90%
South Dakota,46,SD,Day,46037,2019,11,110,4.00%
South Dakota,46,SD,Deuel,46039,2019,11,77,3.60%
South Dakota,46,SD,Dewey,46041,2019,11,166,7.40%
South Dakota,46,SD,Douglas,46043,2019,11,41,2.60%
South Dakota,46,SD,Edmunds,46045,2019,11,56,2.80%
South Dakota,46,SD,Fall River,46047,2019,11,124,4.30%
South Dakota,46,SD,Faulk,46049,2019,11,37,3.50%
South Dakota,46,SD,Grant,46051,2019,11,124,2.80%
South Dakota,46,SD,Gregory,46053,2019,11,68,3.20%
South Dakota,46,SD,Haakon,46055,2019,11,33,3.10%
South Dakota,46,SD,Hamlin,46057,2019,11,95,2.80%
South Dakota,46,SD,Hand,46059,2019,11,52,2.90%
South Dakota,46,SD,Hanson,46061,2019,11,83,4.80%
South Dakota,46,SD,Harding,46063,2019,11,21,2.90%
South Dakota,46,SD,Hughes,46065,2019,11,263,2.60%
South Dakota,46,SD,Hutchinson,46067,2019,11,104,2.90%
South Dakota,46,SD,Hyde,46069,2019,11,21,3.10%
South Dakota,46,SD,Jackson,46071,2019,11,77,6.40%
South Dakota,46,SD,Jerauld,46073,2019,11,31,2.80%
South Dakota,46,SD,Jones,46075,2019,11,15,2.80%
South Dakota,46,SD,Kingsbury,46077,2019,11,75,2.90%
South Dakota,46,SD,Lake,46079,2019,11,239,3.50%
South Dakota,46,SD,Lawrence,46081,2019,11,450,3.40%
South Dakota,46,SD,Lincoln,46083,2019,11,886,2.50%
South Dakota,46,SD,Lyman,46085,2019,11,73,4.30%
South Dakota,46,SD,McCook,46087,2019,11,85,3.60%
South Dakota,46,SD,McPherson,46089,2019,11,85,2.80%
South Dakota,46,SD,Marshall,46091,2019,11,46,4.60%
South Dakota,46,SD,Meade,46093,2019,11,485,3.50%
South Dakota,46,SD,Mellette,46095,2019,11,52,7.00%
South Dakota,46,SD,Miner,46097,2019,11,39,3.30%
South Dakota,46,SD,Minnehaha,46099,2019,11,"3,246",2.80%
South Dakota,46,SD,Moody,46101,2019,11,127,3.20%
South Dakota,46,SD,Pennington,46103,2019,11,382,10.50%
South Dakota,46,SD,Perkins,46105,2019,11,"1,998",3.50%
South Dakota,46,SD,Potter,46107,2019,11,46,3.30%
South Dakota,46,SD,Roberts,46109,2019,11,35,3.40%
South Dakota,46,SD,Sanborn,46111,2019,11,197,4.00%
South Dakota,46,SD,Shannon,46113,2019,11,35,3.10%
South Dakota,46,SD,Spink,46115,2019,11,98,3.10%
South Dakota,46,SD,Stanley,46117,2019,11,48,2.60%
South Dakota,46,SD,Sully,46119,2019,11,21,2.70%
South Dakota,46,SD,Todd,46121,2019,11,214,6.80%
South Dakota,46,SD,Tripp,46123,2019,11,85,2.80%
South Dakota,46,SD,Turner,46125,2019,11,137,2.90%
South Dakota,46,SD,Union,46127,2019,11,313,3.60%
South Dakota,46,SD,Walworth,46129,2019,11,100,4.70%
South Dakota,46,SD,Yankton,46135,2019,11,351,2.90%
South Dakota,46,SD,Ziebach,46137,2019,11,54,5.80%
South Dakota,46,SD,Aurora,46003,2019,10,43,2.80%
South Dakota,46,SD,Beadle,46005,2019,10,283,3.00%
South Dakota,46,SD,Bennett,46007,2019,10,60,5.40%
South Dakota,46,SD,Bon Homme,46009,2019,10,88,3.10%
South Dakota,46,SD,Brookings,46011,2019,10,625,3.20%
South Dakota,46,SD,Brown,46013,2019,10,616,3.00%
South Dakota,46,SD,Brule,46015,2019,10,80,3.20%
South Dakota,46,SD,Buffalo,46017,2019,10,46,6.80%
South Dakota,46,SD,Butte,46019,2019,10,166,3.30%
South Dakota,46,SD,Campbell,46021,2019,10,23,3.00%
South Dakota,46,SD,Charles Mix,46023,2019,10,136,3.60%
South Dakota,46,SD,Clark,46025,2019,10,60,3.10%
South Dakota,46,SD,Clay,46027,2019,10,255,3.30%
South Dakota,46,SD,Codington,46029,2019,10,429,2.80%
South Dakota,46,SD,Corson,46031,2019,10,80,5.70%
South Dakota,46,SD,Custer,46033,2019,10,149,3.70%
South Dakota,46,SD,Davison,46035,2019,10,297,2.70%
South Dakota,46,SD,Day,46037,2019,10,101,3.70%
South Dakota,46,SD,Deuel,46039,2019,10,75,3.40%
South Dakota,46,SD,Dewey,46041,2019,10,159,7.20%
South Dakota,46,SD,Douglas,46043,2019,10,41,2.60%
South Dakota,46,SD,Edmunds,46045,2019,10,58,2.80%
South Dakota,46,SD,Fall River,46047,2019,10,114,3.90%
South Dakota,46,SD,Faulk,46049,2019,10,35,3.20%
South Dakota,46,SD,Grant,46051,2019,10,113,2.50%
South Dakota,46,SD,Gregory,46053,2019,10,70,3.30%
South Dakota,46,SD,Haakon,46055,2019,10,28,2.60%
South Dakota,46,SD,Hamlin,46057,2019,10,86,2.60%
South Dakota,46,SD,Hand,46059,2019,10,48,2.60%
South Dakota,46,SD,Hanson,46061,2019,10,63,3.60%
South Dakota,46,SD,Harding,46063,2019,10,22,3.00%
South Dakota,46,SD,Hughes,46065,2019,10,247,2.50%
South Dakota,46,SD,Hutchinson,46067,2019,10,103,2.80%
South Dakota,46,SD,Hyde,46069,2019,10,23,3.40%
South Dakota,46,SD,Jackson,46071,2019,10,65,5.20%
South Dakota,46,SD,Jerauld,46073,2019,10,28,2.50%
South Dakota,46,SD,Jones,46075,2019,10,15,2.80%
South Dakota,46,SD,Kingsbury,46077,2019,10,71,2.70%
South Dakota,46,SD,Lake,46079,2019,10,225,3.30%
South Dakota,46,SD,Lawrence,46081,2019,10,424,3.10%
South Dakota,46,SD,Lincoln,46083,2019,10,855,2.40%
South Dakota,46,SD,Lyman,46085,2019,10,76,4.40%
South Dakota,46,SD,McCook,46087,2019,10,76,3.20%
South Dakota,46,SD,McPherson,46089,2019,10,81,2.60%
South Dakota,46,SD,Marshall,46091,2019,10,40,4.00%
South Dakota,46,SD,Meade,46093,2019,10,459,3.20%
South Dakota,46,SD,Mellette,46095,2019,10,41,5.60%
South Dakota,46,SD,Miner,46097,2019,10,40,3.30%
South Dakota,46,SD,Minnehaha,46099,2019,10,"2,998",2.60%
South Dakota,46,SD,Moody,46101,2019,10,124,3.10%
South Dakota,46,SD,Pennington,46103,2019,10,326,9.20%
South Dakota,46,SD,Perkins,46105,2019,10,"1,830",3.20%
South Dakota,46,SD,Potter,46107,2019,10,45,3.20%
South Dakota,46,SD,Roberts,46109,2019,10,33,3.20%
South Dakota,46,SD,Sanborn,46111,2019,10,157,3.10%
South Dakota,46,SD,Shannon,46113,2019,10,35,3.00%
South Dakota,46,SD,Spink,46115,2019,10,104,3.30%
South Dakota,46,SD,Stanley,46117,2019,10,46,2.50%
South Dakota,46,SD,Sully,46119,2019,10,23,2.90%
South Dakota,46,SD,Todd,46121,2019,10,199,6.30%
South Dakota,46,SD,Tripp,46123,2019,10,86,2.80%
South Dakota,46,SD,Turner,46125,2019,10,133,2.80%
South Dakota,46,SD,Union,46127,2019,10,290,3.40%
South Dakota,46,SD,Walworth,46129,2019,10,98,4.60%
South Dakota,46,SD,Yankton,46135,2019,10,343,2.90%
South Dakota,46,SD,Ziebach,46137,2019,10,51,5.40%
South Dakota,46,SD,Aurora,46003,2019,9,49,3.20%
South Dakota,46,SD,Beadle,46005,2019,9,279,3.00%
South Dakota,46,SD,Bennett,46007,2019,9,60,5.50%
South Dakota,46,SD,Bon Homme,46009,2019,9,85,3.00%
South Dakota,46,SD,Brookings,46011,2019,9,555,2.90%
South Dakota,46,SD,Brown,46013,2019,9,602,2.90%
South Dakota,46,SD,Brule,46015,2019,9,77,3.20%
South Dakota,46,SD,Buffalo,46017,2019,9,51,7.70%
South Dakota,46,SD,Butte,46019,2019,9,157,3.10%
South Dakota,46,SD,Campbell,46021,2019,9,25,3.20%
South Dakota,46,SD,Charles Mix,46023,2019,9,126,3.40%
South Dakota,46,SD,Clark,46025,2019,9,68,3.60%
South Dakota,46,SD,Clay,46027,2019,9,217,2.90%
South Dakota,46,SD,Codington,46029,2019,9,430,2.80%
South Dakota,46,SD,Corson,46031,2019,9,81,5.90%
South Dakota,46,SD,Custer,46033,2019,9,153,3.80%
South Dakota,46,SD,Davison,46035,2019,9,294,2.70%
South Dakota,46,SD,Day,46037,2019,9,96,3.50%
South Dakota,46,SD,Deuel,46039,2019,9,79,3.60%
South Dakota,46,SD,Dewey,46041,2019,9,170,7.60%
South Dakota,46,SD,Douglas,46043,2019,9,40,2.50%
South Dakota,46,SD,Edmunds,46045,2019,9,60,2.90%
South Dakota,46,SD,Fall River,46047,2019,9,119,4.00%
South Dakota,46,SD,Faulk,46049,2019,9,34,3.20%
South Dakota,46,SD,Grant,46051,2019,9,115,2.60%
South Dakota,46,SD,Gregory,46053,2019,9,64,3.10%
South Dakota,46,SD,Haakon,46055,2019,9,28,2.70%
South Dakota,46,SD,Hamlin,46057,2019,9,89,2.70%
South Dakota,46,SD,Hand,46059,2019,9,47,2.70%
South Dakota,46,SD,Hanson,46061,2019,9,62,3.60%
South Dakota,46,SD,Harding,46063,2019,9,21,2.80%
South Dakota,46,SD,Hughes,46065,2019,9,243,2.40%
South Dakota,46,SD,Hutchinson,46067,2019,9,100,2.80%
South Dakota,46,SD,Hyde,46069,2019,9,23,3.30%
South Dakota,46,SD,Jackson,46071,2019,9,66,5.00%
South Dakota,46,SD,Jerauld,46073,2019,9,30,2.70%
South Dakota,46,SD,Jones,46075,2019,9,15,2.60%
South Dakota,46,SD,Kingsbury,46077,2019,9,68,2.60%
South Dakota,46,SD,Lake,46079,2019,9,228,3.40%
South Dakota,46,SD,Lawrence,46081,2019,9,409,3.00%
South Dakota,46,SD,Lincoln,46083,2019,9,839,2.40%
South Dakota,46,SD,Lyman,46085,2019,9,68,4.00%
South Dakota,46,SD,McCook,46087,2019,9,83,3.50%
South Dakota,46,SD,McPherson,46089,2019,9,79,2.60%
South Dakota,46,SD,Marshall,46091,2019,9,41,4.00%
South Dakota,46,SD,Meade,46093,2019,9,464,3.30%
South Dakota,46,SD,Mellette,46095,2019,9,34,4.60%
South Dakota,46,SD,Miner,46097,2019,9,36,3.10%
South Dakota,46,SD,Minnehaha,46099,2019,9,"2,963",2.60%
South Dakota,46,SD,Moody,46101,2019,9,134,3.30%
South Dakota,46,SD,Pennington,46103,2019,9,336,9.50%
South Dakota,46,SD,Perkins,46105,2019,9,"1,828",3.20%
South Dakota,46,SD,Potter,46107,2019,9,43,3.00%
South Dakota,46,SD,Roberts,46109,2019,9,32,3.10%
South Dakota,46,SD,Sanborn,46111,2019,9,162,3.30%
South Dakota,46,SD,Shannon,46113,2019,9,34,2.90%
South Dakota,46,SD,Spink,46115,2019,9,98,3.10%
South Dakota,46,SD,Stanley,46117,2019,9,45,2.40%
South Dakota,46,SD,Sully,46119,2019,9,23,2.90%
South Dakota,46,SD,Todd,46121,2019,9,174,5.60%
South Dakota,46,SD,Tripp,46123,2019,9,91,3.00%
South Dakota,46,SD,Turner,46125,2019,9,132,2.80%
South Dakota,46,SD,Union,46127,2019,9,289,3.40%
South Dakota,46,SD,Walworth,46129,2019,9,96,4.50%
South Dakota,46,SD,Yankton,46135,2019,9,324,2.80%
South Dakota,46,SD,Ziebach,46137,2019,9,49,5.20%
South Dakota,46,SD,Aurora,46003,2019,8,40,2.60%
South Dakota,46,SD,Beadle,46005,2019,8,294,3.00%
South Dakota,46,SD,Bennett,46007,2019,8,62,5.50%
South Dakota,46,SD,Bon Homme,46009,2019,8,89,3.10%
South Dakota,46,SD,Brookings,46011,2019,8,631,3.40%
South Dakota,46,SD,Brown,46013,2019,8,651,3.10%
South Dakota,46,SD,Brule,46015,2019,8,77,3.10%
South Dakota,46,SD,Buffalo,46017,2019,8,59,8.40%
South Dakota,46,SD,Butte,46019,2019,8,172,3.40%
South Dakota,46,SD,Campbell,46021,2019,8,29,3.70%
South Dakota,46,SD,Charles Mix,46023,2019,8,141,3.70%
South Dakota,46,SD,Clark,46025,2019,8,71,3.70%
South Dakota,46,SD,Clay,46027,2019,8,254,3.70%
South Dakota,46,SD,Codington,46029,2019,8,476,3.10%
South Dakota,46,SD,Corson,46031,2019,8,96,7.20%
South Dakota,46,SD,Custer,46033,2019,8,158,3.80%
South Dakota,46,SD,Davison,46035,2019,8,316,2.80%
South Dakota,46,SD,Day,46037,2019,8,109,3.90%
South Dakota,46,SD,Deuel,46039,2019,8,81,3.70%
South Dakota,46,SD,Dewey,46041,2019,8,269,11.90%
South Dakota,46,SD,Douglas,46043,2019,8,42,2.60%
South Dakota,46,SD,Edmunds,46045,2019,8,62,3.10%
South Dakota,46,SD,Fall River,46047,2019,8,121,4.00%
South Dakota,46,SD,Faulk,46049,2019,8,37,3.50%
South Dakota,46,SD,Grant,46051,2019,8,123,2.80%
South Dakota,46,SD,Gregory,46053,2019,8,64,3.20%
South Dakota,46,SD,Haakon,46055,2019,8,30,2.90%
South Dakota,46,SD,Hamlin,46057,2019,8,94,2.80%
South Dakota,46,SD,Hand,46059,2019,8,49,2.80%
South Dakota,46,SD,Hanson,46061,2019,8,69,4.00%
South Dakota,46,SD,Harding,46063,2019,8,22,3.00%
South Dakota,46,SD,Hughes,46065,2019,8,267,2.60%
South Dakota,46,SD,Hutchinson,46067,2019,8,109,3.00%
South Dakota,46,SD,Hyde,46069,2019,8,24,3.50%
South Dakota,46,SD,Jackson,46071,2019,8,64,4.70%
South Dakota,46,SD,Jerauld,46073,2019,8,30,2.70%
South Dakota,46,SD,Jones,46075,2019,8,17,2.90%
South Dakota,46,SD,Kingsbury,46077,2019,8,76,2.90%
South Dakota,46,SD,Lake,46079,2019,8,249,3.80%
South Dakota,46,SD,Lawrence,46081,2019,8,441,3.20%
South Dakota,46,SD,Lincoln,46083,2019,8,900,2.60%
South Dakota,46,SD,Lyman,46085,2019,8,96,5.40%
South Dakota,46,SD,McCook,46087,2019,8,87,3.60%
South Dakota,46,SD,McPherson,46089,2019,8,82,2.70%
South Dakota,46,SD,Marshall,46091,2019,8,44,4.50%
South Dakota,46,SD,Meade,46093,2019,8,498,3.40%
South Dakota,46,SD,Mellette,46095,2019,8,50,6.60%
South Dakota,46,SD,Miner,46097,2019,8,35,3.00%
South Dakota,46,SD,Minnehaha,46099,2019,8,"3,171",2.80%
South Dakota,46,SD,Moody,46101,2019,8,215,5.20%
South Dakota,46,SD,Pennington,46103,2019,8,343,9.10%
South Dakota,46,SD,Perkins,46105,2019,8,"1,940",3.30%
South Dakota,46,SD,Potter,46107,2019,8,47,3.30%
South Dakota,46,SD,Roberts,46109,2019,8,35,3.20%
South Dakota,46,SD,Sanborn,46111,2019,8,198,4.10%
South Dakota,46,SD,Shannon,46113,2019,8,39,3.30%
South Dakota,46,SD,Spink,46115,2019,8,101,3.20%
South Dakota,46,SD,Stanley,46117,2019,8,50,2.70%
South Dakota,46,SD,Sully,46119,2019,8,24,3.00%
South Dakota,46,SD,Todd,46121,2019,8,241,7.60%
South Dakota,46,SD,Tripp,46123,2019,8,101,3.30%
South Dakota,46,SD,Turner,46125,2019,8,143,3.00%
South Dakota,46,SD,Union,46127,2019,8,310,3.70%
South Dakota,46,SD,Walworth,46129,2019,8,114,5.20%
South Dakota,46,SD,Yankton,46135,2019,8,345,2.90%
South Dakota,46,SD,Ziebach,46137,2019,8,64,6.90%
South Dakota,46,SD,Aurora,46003,2019,7,32,2.10%
South Dakota,46,SD,Beadle,46005,2019,7,258,2.60%
South Dakota,46,SD,Bennett,46007,2019,7,56,5.00%
South Dakota,46,SD,Bon Homme,46009,2019,7,87,3.00%
South Dakota,46,SD,Brookings,46011,2019,7,626,3.30%
South Dakota,46,SD,Brown,46013,2019,7,580,2.80%
South Dakota,46,SD,Brule,46015,2019,7,80,3.20%
South Dakota,46,SD,Buffalo,46017,2019,7,58,8.30%
South Dakota,46,SD,Butte,46019,2019,7,156,3.00%
South Dakota,46,SD,Campbell,46021,2019,7,26,3.30%
South Dakota,46,SD,Charles Mix,46023,2019,7,143,3.70%
South Dakota,46,SD,Clark,46025,2019,7,71,3.60%
South Dakota,46,SD,Clay,46027,2019,7,232,3.30%
South Dakota,46,SD,Codington,46029,2019,7,424,2.70%
South Dakota,46,SD,Corson,46031,2019,7,110,8.10%
South Dakota,46,SD,Custer,46033,2019,7,141,3.40%
South Dakota,46,SD,Davison,46035,2019,7,286,2.50%
South Dakota,46,SD,Day,46037,2019,7,102,3.60%
South Dakota,46,SD,Deuel,46039,2019,7,82,3.60%
South Dakota,46,SD,Dewey,46041,2019,7,418,17.60%
South Dakota,46,SD,Douglas,46043,2019,7,35,2.20%
South Dakota,46,SD,Edmunds,46045,2019,7,56,2.70%
South Dakota,46,SD,Fall River,46047,2019,7,113,3.60%
South Dakota,46,SD,Faulk,46049,2019,7,32,3.00%
South Dakota,46,SD,Grant,46051,2019,7,113,2.50%
South Dakota,46,SD,Gregory,46053,2019,7,56,2.70%
South Dakota,46,SD,Haakon,46055,2019,7,26,2.50%
South Dakota,46,SD,Hamlin,46057,2019,7,91,2.70%
South Dakota,46,SD,Hand,46059,2019,7,45,2.60%
South Dakota,46,SD,Hanson,46061,2019,7,76,4.30%
South Dakota,46,SD,Harding,46063,2019,7,19,2.60%
South Dakota,46,SD,Hughes,46065,2019,7,227,2.20%
South Dakota,46,SD,Hutchinson,46067,2019,7,84,2.30%
South Dakota,46,SD,Hyde,46069,2019,7,19,2.80%
South Dakota,46,SD,Jackson,46071,2019,7,69,5.10%
South Dakota,46,SD,Jerauld,46073,2019,7,28,2.50%
South Dakota,46,SD,Jones,46075,2019,7,15,2.50%
South Dakota,46,SD,Kingsbury,46077,2019,7,71,2.60%
South Dakota,46,SD,Lake,46079,2019,7,238,3.60%
South Dakota,46,SD,Lawrence,46081,2019,7,385,2.80%
South Dakota,46,SD,Lincoln,46083,2019,7,764,2.20%
South Dakota,46,SD,Lyman,46085,2019,7,95,5.30%
South Dakota,46,SD,McCook,46087,2019,7,78,3.20%
South Dakota,46,SD,McPherson,46089,2019,7,65,2.10%
South Dakota,46,SD,Marshall,46091,2019,7,39,3.90%
South Dakota,46,SD,Meade,46093,2019,7,461,3.10%
South Dakota,46,SD,Mellette,46095,2019,7,50,6.80%
South Dakota,46,SD,Miner,46097,2019,7,37,3.10%
South Dakota,46,SD,Minnehaha,46099,2019,7,"2,828",2.50%
South Dakota,46,SD,Moody,46101,2019,7,219,5.30%
South Dakota,46,SD,Pennington,46103,2019,7,513,13.80%
South Dakota,46,SD,Perkins,46105,2019,7,"1,756",3.00%
South Dakota,46,SD,Potter,46107,2019,7,39,2.80%
South Dakota,46,SD,Roberts,46109,2019,7,28,2.60%
South Dakota,46,SD,Sanborn,46111,2019,7,180,3.80%
South Dakota,46,SD,Shannon,46113,2019,7,35,3.00%
South Dakota,46,SD,Spink,46115,2019,7,87,2.70%
South Dakota,46,SD,Stanley,46117,2019,7,43,2.30%
South Dakota,46,SD,Sully,46119,2019,7,19,2.40%
South Dakota,46,SD,Todd,46121,2019,7,264,8.30%
South Dakota,46,SD,Tripp,46123,2019,7,102,3.20%
South Dakota,46,SD,Turner,46125,2019,7,121,2.50%
South Dakota,46,SD,Union,46127,2019,7,279,3.30%
South Dakota,46,SD,Walworth,46129,2019,7,115,5.20%
South Dakota,46,SD,Yankton,46135,2019,7,288,2.40%
South Dakota,46,SD,Ziebach,46137,2019,7,82,8.90%
South Dakota,46,SD,Aurora,46003,2019,6,39,2.50%
South Dakota,46,SD,Beadle,46005,2019,6,280,2.80%
South Dakota,46,SD,Bennett,46007,2019,6,61,5.70%
South Dakota,46,SD,Bon Homme,46009,2019,6,88,3.00%
South Dakota,46,SD,Brookings,46011,2019,6,658,3.50%
South Dakota,46,SD,Brown,46013,2019,6,635,3.00%
South Dakota,46,SD,Brule,46015,2019,6,83,3.30%
South Dakota,46,SD,Buffalo,46017,2019,6,58,8.30%
South Dakota,46,SD,Butte,46019,2019,6,161,3.10%
South Dakota,46,SD,Campbell,46021,2019,6,29,3.70%
South Dakota,46,SD,Charles Mix,46023,2019,6,151,3.90%
South Dakota,46,SD,Clark,46025,2019,6,76,3.80%
South Dakota,46,SD,Clay,46027,2019,6,262,3.70%
South Dakota,46,SD,Codington,46029,2019,6,464,3.00%
South Dakota,46,SD,Corson,46031,2019,6,95,6.90%
South Dakota,46,SD,Custer,46033,2019,6,160,3.90%
South Dakota,46,SD,Davison,46035,2019,6,308,2.70%
South Dakota,46,SD,Day,46037,2019,6,100,3.50%
South Dakota,46,SD,Deuel,46039,2019,6,83,3.70%
South Dakota,46,SD,Dewey,46041,2019,6,248,10.80%
South Dakota,46,SD,Douglas,46043,2019,6,39,2.40%
South Dakota,46,SD,Edmunds,46045,2019,6,63,3.10%
South Dakota,46,SD,Fall River,46047,2019,6,129,4.10%
South Dakota,46,SD,Faulk,46049,2019,6,36,3.30%
South Dakota,46,SD,Grant,46051,2019,6,124,2.80%
South Dakota,46,SD,Gregory,46053,2019,6,65,3.10%
South Dakota,46,SD,Haakon,46055,2019,6,29,2.70%
South Dakota,46,SD,Hamlin,46057,2019,6,99,2.90%
South Dakota,46,SD,Hand,46059,2019,6,48,2.70%
South Dakota,46,SD,Hanson,46061,2019,6,73,4.20%
South Dakota,46,SD,Harding,46063,2019,6,20,2.70%
South Dakota,46,SD,Hughes,46065,2019,6,262,2.50%
South Dakota,46,SD,Hutchinson,46067,2019,6,97,2.70%
South Dakota,46,SD,Hyde,46069,2019,6,22,3.30%
South Dakota,46,SD,Jackson,46071,2019,6,65,4.70%
South Dakota,46,SD,Jerauld,46073,2019,6,31,2.70%
South Dakota,46,SD,Jones,46075,2019,6,15,2.60%
South Dakota,46,SD,Kingsbury,46077,2019,6,80,2.90%
South Dakota,46,SD,Lake,46079,2019,6,233,3.50%
South Dakota,46,SD,Lawrence,46081,2019,6,430,3.10%
South Dakota,46,SD,Lincoln,46083,2019,6,878,2.50%
South Dakota,46,SD,Lyman,46085,2019,6,87,5.00%
South Dakota,46,SD,McCook,46087,2019,6,83,3.30%
South Dakota,46,SD,McPherson,46089,2019,6,76,2.50%
South Dakota,46,SD,Marshall,46091,2019,6,37,3.70%
South Dakota,46,SD,Meade,46093,2019,6,491,3.40%
South Dakota,46,SD,Mellette,46095,2019,6,42,5.70%
South Dakota,46,SD,Miner,46097,2019,6,34,2.90%
South Dakota,46,SD,Minnehaha,46099,2019,6,"3,077",2.70%
South Dakota,46,SD,Moody,46101,2019,6,185,4.50%
South Dakota,46,SD,Pennington,46103,2019,6,404,11.30%
South Dakota,46,SD,Perkins,46105,2019,6,"1,900",3.20%
South Dakota,46,SD,Potter,46107,2019,6,46,3.20%
South Dakota,46,SD,Roberts,46109,2019,6,32,3.00%
South Dakota,46,SD,Sanborn,46111,2019,6,185,3.80%
South Dakota,46,SD,Shannon,46113,2019,6,37,3.10%
South Dakota,46,SD,Spink,46115,2019,6,99,3.00%
South Dakota,46,SD,Stanley,46117,2019,6,48,2.50%
South Dakota,46,SD,Sully,46119,2019,6,22,2.70%
South Dakota,46,SD,Todd,46121,2019,6,229,7.30%
South Dakota,46,SD,Tripp,46123,2019,6,83,2.70%
South Dakota,46,SD,Turner,46125,2019,6,133,2.80%
South Dakota,46,SD,Union,46127,2019,6,291,3.40%
South Dakota,46,SD,Walworth,46129,2019,6,114,5.20%
South Dakota,46,SD,Yankton,46135,2019,6,336,2.80%
South Dakota,46,SD,Ziebach,46137,2019,6,70,7.40%
South Dakota,46,SD,Aurora,46003,2019,5,40,2.60%
South Dakota,46,SD,Beadle,46005,2019,5,287,2.90%
South Dakota,46,SD,Bennett,46007,2019,5,56,5.20%
South Dakota,46,SD,Bon Homme,46009,2019,5,85,3.00%
South Dakota,46,SD,Brookings,46011,2019,5,623,3.30%
South Dakota,46,SD,Brown,46013,2019,5,616,2.90%
South Dakota,46,SD,Brule,46015,2019,5,76,3.10%
South Dakota,46,SD,Buffalo,46017,2019,5,37,5.50%
South Dakota,46,SD,Butte,46019,2019,5,164,3.30%
South Dakota,46,SD,Campbell,46021,2019,5,29,3.80%
South Dakota,46,SD,Charles Mix,46023,2019,5,140,3.70%
South Dakota,46,SD,Clark,46025,2019,5,68,3.60%
South Dakota,46,SD,Clay,46027,2019,5,241,3.40%
South Dakota,46,SD,Codington,46029,2019,5,469,3.00%
South Dakota,46,SD,Corson,46031,2019,5,87,6.40%
South Dakota,46,SD,Custer,46033,2019,5,159,4.00%
South Dakota,46,SD,Davison,46035,2019,5,307,2.80%
South Dakota,46,SD,Day,46037,2019,5,104,3.70%
South Dakota,46,SD,Deuel,46039,2019,5,91,4.20%
South Dakota,46,SD,Dewey,46041,2019,5,117,5.50%
South Dakota,46,SD,Douglas,46043,2019,5,40,2.50%
South Dakota,46,SD,Edmunds,46045,2019,5,59,2.90%
South Dakota,46,SD,Fall River,46047,2019,5,121,4.00%
South Dakota,46,SD,Faulk,46049,2019,5,33,3.20%
South Dakota,46,SD,Grant,46051,2019,5,118,2.70%
South Dakota,46,SD,Gregory,46053,2019,5,68,3.30%
South Dakota,46,SD,Haakon,46055,2019,5,30,2.90%
South Dakota,46,SD,Hamlin,46057,2019,5,97,3.00%
South Dakota,46,SD,Hand,46059,2019,5,46,2.60%
South Dakota,46,SD,Hanson,46061,2019,5,65,3.80%
South Dakota,46,SD,Harding,46063,2019,5,20,2.80%
South Dakota,46,SD,Hughes,46065,2019,5,252,2.50%
South Dakota,46,SD,Hutchinson,46067,2019,5,101,2.80%
South Dakota,46,SD,Hyde,46069,2019,5,22,3.30%
South Dakota,46,SD,Jackson,46071,2019,5,59,4.50%
South Dakota,46,SD,Jerauld,46073,2019,5,30,2.70%
South Dakota,46,SD,Jones,46075,2019,5,16,2.90%
South Dakota,46,SD,Kingsbury,46077,2019,5,72,2.70%
South Dakota,46,SD,Lake,46079,2019,5,229,3.40%
South Dakota,46,SD,Lawrence,46081,2019,5,421,3.20%
South Dakota,46,SD,Lincoln,46083,2019,5,864,2.50%
South Dakota,46,SD,Lyman,46085,2019,5,69,4.10%
South Dakota,46,SD,McCook,46087,2019,5,82,3.40%
South Dakota,46,SD,McPherson,46089,2019,5,81,2.60%
South Dakota,46,SD,Marshall,46091,2019,5,36,3.70%
South Dakota,46,SD,Meade,46093,2019,5,484,3.40%
South Dakota,46,SD,Mellette,46095,2019,5,33,4.50%
South Dakota,46,SD,Miner,46097,2019,5,32,2.70%
South Dakota,46,SD,Minnehaha,46099,2019,5,"3,012",2.70%
South Dakota,46,SD,Moody,46101,2019,5,99,2.50%
South Dakota,46,SD,Pennington,46103,2019,5,277,7.90%
South Dakota,46,SD,Perkins,46105,2019,5,"1,836",3.20%
South Dakota,46,SD,Potter,46107,2019,5,45,3.10%
South Dakota,46,SD,Roberts,46109,2019,5,32,3.10%
South Dakota,46,SD,Sanborn,46111,2019,5,182,3.80%
South Dakota,46,SD,Shannon,46113,2019,5,37,3.30%
South Dakota,46,SD,Spink,46115,2019,5,104,3.30%
South Dakota,46,SD,Stanley,46117,2019,5,49,2.60%
South Dakota,46,SD,Sully,46119,2019,5,23,2.90%
South Dakota,46,SD,Todd,46121,2019,5,174,5.50%
South Dakota,46,SD,Tripp,46123,2019,5,81,2.70%
South Dakota,46,SD,Turner,46125,2019,5,128,2.70%
South Dakota,46,SD,Union,46127,2019,5,257,3.10%
South Dakota,46,SD,Walworth,46129,2019,5,104,4.90%
South Dakota,46,SD,Yankton,46135,2019,5,336,2.80%
South Dakota,46,SD,Ziebach,46137,2019,5,45,5.00%
South Dakota,46,SD,Aurora,46003,2019,4,46,3.00%
South Dakota,46,SD,Beadle,46005,2019,4,321,3.40%
South Dakota,46,SD,Bennett,46007,2019,4,57,5.30%
South Dakota,46,SD,Bon Homme,46009,2019,4,92,3.30%
South Dakota,46,SD,Brookings,46011,2019,4,611,3.20%
South Dakota,46,SD,Brown,46013,2019,4,662,3.20%
South Dakota,46,SD,Brule,46015,2019,4,78,3.20%
South Dakota,46,SD,Buffalo,46017,2019,4,36,5.40%
South Dakota,46,SD,Butte,46019,2019,4,174,3.50%
South Dakota,46,SD,Campbell,46021,2019,4,30,4.00%
South Dakota,46,SD,Charles Mix,46023,2019,4,135,3.70%
South Dakota,46,SD,Clark,46025,2019,4,83,4.50%
South Dakota,46,SD,Clay,46027,2019,4,246,3.20%
South Dakota,46,SD,Codington,46029,2019,4,514,3.30%
South Dakota,46,SD,Corson,46031,2019,4,70,5.20%
South Dakota,46,SD,Custer,46033,2019,4,187,4.70%
South Dakota,46,SD,Davison,46035,2019,4,336,3.10%
South Dakota,46,SD,Day,46037,2019,4,142,5.30%
South Dakota,46,SD,Deuel,46039,2019,4,119,5.50%
South Dakota,46,SD,Dewey,46041,2019,4,116,5.40%
South Dakota,46,SD,Douglas,46043,2019,4,48,3.10%
South Dakota,46,SD,Edmunds,46045,2019,4,64,3.20%
South Dakota,46,SD,Fall River,46047,2019,4,126,4.30%
South Dakota,46,SD,Faulk,46049,2019,4,34,3.30%
South Dakota,46,SD,Grant,46051,2019,4,178,4.00%
South Dakota,46,SD,Gregory,46053,2019,4,79,3.90%
South Dakota,46,SD,Haakon,46055,2019,4,31,3.00%
South Dakota,46,SD,Hamlin,46057,2019,4,122,3.80%
South Dakota,46,SD,Hand,46059,2019,4,49,2.80%
South Dakota,46,SD,Hanson,46061,2019,4,75,4.40%
South Dakota,46,SD,Harding,46063,2019,4,19,2.70%
South Dakota,46,SD,Hughes,46065,2019,4,275,2.80%
South Dakota,46,SD,Hutchinson,46067,2019,4,119,3.30%
South Dakota,46,SD,Hyde,46069,2019,4,26,3.90%
South Dakota,46,SD,Jackson,46071,2019,4,78,6.30%
South Dakota,46,SD,Jerauld,46073,2019,4,33,3.00%
South Dakota,46,SD,Jones,46075,2019,4,18,3.50%
South Dakota,46,SD,Kingsbury,46077,2019,4,88,3.30%
South Dakota,46,SD,Lake,46079,2019,4,238,3.50%
South Dakota,46,SD,Lawrence,46081,2019,4,448,3.40%
South Dakota,46,SD,Lincoln,46083,2019,4,906,2.60%
South Dakota,46,SD,Lyman,46085,2019,4,79,4.90%
South Dakota,46,SD,McCook,46087,2019,4,104,4.60%
South Dakota,46,SD,McPherson,46089,2019,4,97,3.20%
South Dakota,46,SD,Marshall,46091,2019,4,40,4.10%
South Dakota,46,SD,Meade,46093,2019,4,502,3.60%
South Dakota,46,SD,Mellette,46095,2019,4,41,5.60%
South Dakota,46,SD,Miner,46097,2019,4,36,3.10%
South Dakota,46,SD,Minnehaha,46099,2019,4,"3,220",2.90%
South Dakota,46,SD,Moody,46101,2019,4,120,3.10%
South Dakota,46,SD,Pennington,46103,2019,4,283,8.10%
South Dakota,46,SD,Perkins,46105,2019,4,"1,894",3.40%
South Dakota,46,SD,Potter,46107,2019,4,45,3.20%
South Dakota,46,SD,Roberts,46109,2019,4,31,3.10%
South Dakota,46,SD,Sanborn,46111,2019,4,228,4.80%
South Dakota,46,SD,Shannon,46113,2019,4,33,2.90%
South Dakota,46,SD,Spink,46115,2019,4,118,3.80%
South Dakota,46,SD,Stanley,46117,2019,4,55,3.00%
South Dakota,46,SD,Sully,46119,2019,4,23,3.00%
South Dakota,46,SD,Todd,46121,2019,4,185,5.80%
South Dakota,46,SD,Tripp,46123,2019,4,86,2.90%
South Dakota,46,SD,Turner,46125,2019,4,139,3.00%
South Dakota,46,SD,Union,46127,2019,4,265,3.10%
South Dakota,46,SD,Walworth,46129,2019,4,131,6.30%
South Dakota,46,SD,Yankton,46135,2019,4,362,3.00%
South Dakota,46,SD,Ziebach,46137,2019,4,42,4.60%
South Dakota,46,SD,Aurora,46003,2019,3,43,2.80%
South Dakota,46,SD,Beadle,46005,2019,3,347,3.60%
South Dakota,46,SD,Bennett,46007,2019,3,63,5.80%
South Dakota,46,SD,Bon Homme,46009,2019,3,93,3.20%
South Dakota,46,SD,Brookings,46011,2019,3,592,3.10%
South Dakota,46,SD,Brown,46013,2019,3,676,3.30%
South Dakota,46,SD,Brule,46015,2019,3,76,3.10%
South Dakota,46,SD,Buffalo,46017,2019,3,31,4.60%
South Dakota,46,SD,Butte,46019,2019,3,177,3.50%
South Dakota,46,SD,Campbell,46021,2019,3,29,3.80%
South Dakota,46,SD,Charles Mix,46023,2019,3,143,3.80%
South Dakota,46,SD,Clark,46025,2019,3,96,5.00%
South Dakota,46,SD,Clay,46027,2019,3,238,3.10%
South Dakota,46,SD,Codington,46029,2019,3,579,3.80%
South Dakota,46,SD,Corson,46031,2019,3,68,4.90%
South Dakota,46,SD,Custer,46033,2019,3,224,5.60%
South Dakota,46,SD,Davison,46035,2019,3,359,3.30%
South Dakota,46,SD,Day,46037,2019,3,171,6.20%
South Dakota,46,SD,Deuel,46039,2019,3,142,6.70%
South Dakota,46,SD,Dewey,46041,2019,3,127,5.80%
South Dakota,46,SD,Douglas,46043,2019,3,56,3.50%
South Dakota,46,SD,Edmunds,46045,2019,3,65,3.10%
South Dakota,46,SD,Fall River,46047,2019,3,143,4.80%
South Dakota,46,SD,Faulk,46049,2019,3,34,3.20%
South Dakota,46,SD,Grant,46051,2019,3,224,5.00%
South Dakota,46,SD,Gregory,46053,2019,3,79,3.90%
South Dakota,46,SD,Haakon,46055,2019,3,34,3.20%
South Dakota,46,SD,Hamlin,46057,2019,3,139,4.20%
South Dakota,46,SD,Hand,46059,2019,3,56,3.10%
South Dakota,46,SD,Hanson,46061,2019,3,113,6.30%
South Dakota,46,SD,Harding,46063,2019,3,20,2.70%
South Dakota,46,SD,Hughes,46065,2019,3,312,3.20%
South Dakota,46,SD,Hutchinson,46067,2019,3,131,3.60%
South Dakota,46,SD,Hyde,46069,2019,3,23,3.30%
South Dakota,46,SD,Jackson,46071,2019,3,83,6.80%
South Dakota,46,SD,Jerauld,46073,2019,3,31,2.80%
South Dakota,46,SD,Jones,46075,2019,3,19,3.70%
South Dakota,46,SD,Kingsbury,46077,2019,3,100,3.60%
South Dakota,46,SD,Lake,46079,2019,3,258,3.80%
South Dakota,46,SD,Lawrence,46081,2019,3,434,3.30%
South Dakota,46,SD,Lincoln,46083,2019,3,946,2.80%
South Dakota,46,SD,Lyman,46085,2019,3,83,5.10%
South Dakota,46,SD,McCook,46087,2019,3,108,4.60%
South Dakota,46,SD,McPherson,46089,2019,3,113,3.60%
South Dakota,46,SD,Marshall,46091,2019,3,48,4.70%
South Dakota,46,SD,Meade,46093,2019,3,576,4.20%
South Dakota,46,SD,Mellette,46095,2019,3,40,5.30%
South Dakota,46,SD,Miner,46097,2019,3,34,2.90%
South Dakota,46,SD,Minnehaha,46099,2019,3,"3,618",3.20%
South Dakota,46,SD,Moody,46101,2019,3,134,3.30%
South Dakota,46,SD,Pennington,46103,2019,3,315,9.10%
South Dakota,46,SD,Perkins,46105,2019,3,"2,052",3.70%
South Dakota,46,SD,Potter,46107,2019,3,46,3.20%
South Dakota,46,SD,Roberts,46109,2019,3,34,3.30%
South Dakota,46,SD,Sanborn,46111,2019,3,255,5.30%
South Dakota,46,SD,Shannon,46113,2019,3,35,3.00%
South Dakota,46,SD,Spink,46115,2019,3,128,4.00%
South Dakota,46,SD,Stanley,46117,2019,3,68,3.70%
South Dakota,46,SD,Sully,46119,2019,3,29,3.50%
South Dakota,46,SD,Todd,46121,2019,3,190,5.90%
South Dakota,46,SD,Tripp,46123,2019,3,85,2.70%
South Dakota,46,SD,Turner,46125,2019,3,173,3.70%
South Dakota,46,SD,Union,46127,2019,3,289,3.40%
South Dakota,46,SD,Walworth,46129,2019,3,147,6.90%
South Dakota,46,SD,Yankton,46135,2019,3,355,3.00%
South Dakota,46,SD,Ziebach,46137,2019,3,39,4.20%
South Dakota,46,SD,Aurora,46003,2019,2,41,2.70%
South Dakota,46,SD,Beadle,46005,2019,2,345,3.60%
South Dakota,46,SD,Bennett,46007,2019,2,57,5.40%
South Dakota,46,SD,Bon Homme,46009,2019,2,96,3.40%
South Dakota,46,SD,Brookings,46011,2019,2,579,3.00%
South Dakota,46,SD,Brown,46013,2019,2,696,3.40%
South Dakota,46,SD,Brule,46015,2019,2,72,3.00%
South Dakota,46,SD,Buffalo,46017,2019,2,29,4.30%
South Dakota,46,SD,Butte,46019,2019,2,173,3.50%
South Dakota,46,SD,Campbell,46021,2019,2,29,3.90%
South Dakota,46,SD,Charles Mix,46023,2019,2,138,3.70%
South Dakota,46,SD,Clark,46025,2019,2,110,5.80%
South Dakota,46,SD,Clay,46027,2019,2,224,2.90%
South Dakota,46,SD,Codington,46029,2019,2,565,3.70%
South Dakota,46,SD,Corson,46031,2019,2,59,4.30%
South Dakota,46,SD,Custer,46033,2019,2,226,5.70%
South Dakota,46,SD,Davison,46035,2019,2,369,3.40%
South Dakota,46,SD,Day,46037,2019,2,172,6.30%
South Dakota,46,SD,Deuel,46039,2019,2,153,7.30%
South Dakota,46,SD,Dewey,46041,2019,2,135,6.20%
South Dakota,46,SD,Douglas,46043,2019,2,54,3.40%
South Dakota,46,SD,Edmunds,46045,2019,2,62,3.00%
South Dakota,46,SD,Fall River,46047,2019,2,151,5.10%
South Dakota,46,SD,Faulk,46049,2019,2,32,3.10%
South Dakota,46,SD,Grant,46051,2019,2,215,4.80%
South Dakota,46,SD,Gregory,46053,2019,2,84,4.20%
South Dakota,46,SD,Haakon,46055,2019,2,35,3.30%
South Dakota,46,SD,Hamlin,46057,2019,2,140,4.30%
South Dakota,46,SD,Hand,46059,2019,2,56,3.10%
South Dakota,46,SD,Hanson,46061,2019,2,102,5.80%
South Dakota,46,SD,Harding,46063,2019,2,19,2.70%
South Dakota,46,SD,Hughes,46065,2019,2,325,3.30%
South Dakota,46,SD,Hutchinson,46067,2019,2,132,3.70%
South Dakota,46,SD,Hyde,46069,2019,2,25,3.70%
South Dakota,46,SD,Jackson,46071,2019,2,84,7.10%
South Dakota,46,SD,Jerauld,46073,2019,2,35,3.20%
South Dakota,46,SD,Jones,46075,2019,2,19,3.80%
South Dakota,46,SD,Kingsbury,46077,2019,2,102,3.80%
South Dakota,46,SD,Lake,46079,2019,2,258,3.90%
South Dakota,46,SD,Lawrence,46081,2019,2,431,3.30%
South Dakota,46,SD,Lincoln,46083,2019,2,949,2.80%
South Dakota,46,SD,Lyman,46085,2019,2,88,5.50%
South Dakota,46,SD,McCook,46087,2019,2,102,4.40%
South Dakota,46,SD,McPherson,46089,2019,2,105,3.40%
South Dakota,46,SD,Marshall,46091,2019,2,51,5.00%
South Dakota,46,SD,Meade,46093,2019,2,587,4.30%
South Dakota,46,SD,Mellette,46095,2019,2,41,5.60%
South Dakota,46,SD,Miner,46097,2019,2,37,3.20%
South Dakota,46,SD,Minnehaha,46099,2019,2,"3,651",3.30%
South Dakota,46,SD,Moody,46101,2019,2,132,3.30%
South Dakota,46,SD,Pennington,46103,2019,2,318,9.10%
South Dakota,46,SD,Perkins,46105,2019,2,"2,096",3.80%
South Dakota,46,SD,Potter,46107,2019,2,40,2.80%
South Dakota,46,SD,Roberts,46109,2019,2,33,3.20%
South Dakota,46,SD,Sanborn,46111,2019,2,266,5.60%
South Dakota,46,SD,Shannon,46113,2019,2,33,2.90%
South Dakota,46,SD,Spink,46115,2019,2,132,4.10%
South Dakota,46,SD,Stanley,46117,2019,2,78,4.20%
South Dakota,46,SD,Sully,46119,2019,2,24,3.00%
South Dakota,46,SD,Todd,46121,2019,2,185,5.80%
South Dakota,46,SD,Tripp,46123,2019,2,83,2.80%
South Dakota,46,SD,Turner,46125,2019,2,173,3.70%
South Dakota,46,SD,Union,46127,2019,2,304,3.60%
South Dakota,46,SD,Walworth,46129,2019,2,145,7.00%
South Dakota,46,SD,Yankton,46135,2019,2,352,3.00%
South Dakota,46,SD,Ziebach,46137,2019,2,37,4.00%
South Dakota,46,SD,Aurora,46003,2019,1,41,2.70%
South Dakota,46,SD,Beadle,46005,2019,1,339,3.60%
South Dakota,46,SD,Bennett,46007,2019,1,56,5.20%
South Dakota,46,SD,Bon Homme,46009,2019,1,89,3.10%
South Dakota,46,SD,Brookings,46011,2019,1,604,3.20%
South Dakota,46,SD,Brown,46013,2019,1,674,3.30%
South Dakota,46,SD,Brule,46015,2019,1,64,2.70%
South Dakota,46,SD,Buffalo,46017,2019,1,35,5.00%
South Dakota,46,SD,Butte,46019,2019,1,168,3.40%
South Dakota,46,SD,Campbell,46021,2019,1,33,4.40%
South Dakota,46,SD,Charles Mix,46023,2019,1,127,3.40%
South Dakota,46,SD,Clark,46025,2019,1,99,5.10%
South Dakota,46,SD,Clay,46027,2019,1,234,3.10%
South Dakota,46,SD,Codington,46029,2019,1,573,3.70%
South Dakota,46,SD,Corson,46031,2019,1,53,3.90%
South Dakota,46,SD,Custer,46033,2019,1,206,5.30%
South Dakota,46,SD,Davison,46035,2019,1,348,3.20%
South Dakota,46,SD,Day,46037,2019,1,166,6.10%
South Dakota,46,SD,Deuel,46039,2019,1,156,7.40%
South Dakota,46,SD,Dewey,46041,2019,1,132,6.00%
South Dakota,46,SD,Douglas,46043,2019,1,49,3.20%
South Dakota,46,SD,Edmunds,46045,2019,1,64,3.10%
South Dakota,46,SD,Fall River,46047,2019,1,150,5.10%
South Dakota,46,SD,Faulk,46049,2019,1,35,3.30%
South Dakota,46,SD,Grant,46051,2019,1,203,4.60%
South Dakota,46,SD,Gregory,46053,2019,1,77,3.90%
South Dakota,46,SD,Haakon,46055,2019,1,38,3.60%
South Dakota,46,SD,Hamlin,46057,2019,1,140,4.30%
South Dakota,46,SD,Hand,46059,2019,1,51,2.80%
South Dakota,46,SD,Hanson,46061,2019,1,104,5.90%
South Dakota,46,SD,Harding,46063,2019,1,16,2.20%
South Dakota,46,SD,Hughes,46065,2019,1,273,2.70%
South Dakota,46,SD,Hutchinson,46067,2019,1,124,3.50%
South Dakota,46,SD,Hyde,46069,2019,1,28,4.10%
South Dakota,46,SD,Jackson,46071,2019,1,87,7.30%
South Dakota,46,SD,Jerauld,46073,2019,1,31,2.80%
South Dakota,46,SD,Jones,46075,2019,1,18,3.50%
South Dakota,46,SD,Kingsbury,46077,2019,1,97,3.70%
South Dakota,46,SD,Lake,46079,2019,1,257,3.90%
South Dakota,46,SD,Lawrence,46081,2019,1,407,3.20%
South Dakota,46,SD,Lincoln,46083,2019,1,903,2.70%
South Dakota,46,SD,Lyman,46085,2019,1,74,4.60%
South Dakota,46,SD,McCook,46087,2019,1,99,4.30%
South Dakota,46,SD,McPherson,46089,2019,1,99,3.20%
South Dakota,46,SD,Marshall,46091,2019,1,43,4.20%
South Dakota,46,SD,Meade,46093,2019,1,563,4.10%
South Dakota,46,SD,Mellette,46095,2019,1,38,5.10%
South Dakota,46,SD,Miner,46097,2019,1,35,3.00%
South Dakota,46,SD,Minnehaha,46099,2019,1,"3,569",3.20%
South Dakota,46,SD,Moody,46101,2019,1,125,3.10%
South Dakota,46,SD,Pennington,46103,2019,1,324,9.30%
South Dakota,46,SD,Perkins,46105,2019,1,"1,975",3.60%
South Dakota,46,SD,Potter,46107,2019,1,43,3.00%
South Dakota,46,SD,Roberts,46109,2019,1,31,3.00%
South Dakota,46,SD,Sanborn,46111,2019,1,249,5.20%
South Dakota,46,SD,Shannon,46113,2019,1,31,2.80%
South Dakota,46,SD,Spink,46115,2019,1,127,4.00%
South Dakota,46,SD,Stanley,46117,2019,1,72,3.90%
South Dakota,46,SD,Sully,46119,2019,1,25,3.10%
South Dakota,46,SD,Todd,46121,2019,1,196,6.10%
South Dakota,46,SD,Tripp,46123,2019,1,91,3.00%
South Dakota,46,SD,Turner,46125,2019,1,156,3.40%
South Dakota,46,SD,Union,46127,2019,1,293,3.50%
South Dakota,46,SD,Walworth,46129,2019,1,130,6.20%
South Dakota,46,SD,Yankton,46135,2019,1,336,2.90%
South Dakota,46,SD,Ziebach,46137,2019,1,40,4.30%
