state_name,state_fips,state_abbrev,county_name,county_fips,year,month,continued_claims,initial_claims
Washington,53,WA,Adams,53001,2019,1,336,75
Washington,53,WA,Adams,53001,2019,2,334,149
Washington,53,WA,Adams,53001,2019,3,326,94
Washington,53,WA,Adams,53001,2019,4,350,278
Washington,53,WA,Adams,53001,2019,5,139,57
Washington,53,WA,Adams,53001,2019,6,96,30
Washington,53,WA,Adams,53001,2019,7,94,44
Washington,53,WA,Adams,53001,2019,8,84,40
Washington,53,WA,Adams,53001,2019,9,101,53
Washington,53,WA,Adams,53001,2019,10,105,103
Washington,53,WA,Adams,53001,2019,11,312,366
Washington,53,WA,Adams,53001,2019,12,478,180
Washington,53,WA,Adams,53001,2020,1,366,112
Washington,53,WA,Adams,53001,2020,2,271,75
Washington,53,WA,Asotin,53003,2019,1,125,46
Washington,53,WA,Asotin,53003,2019,2,118,36
Washington,53,WA,Asotin,53003,2019,3,114,24
Washington,53,WA,Asotin,53003,2019,4,100,58
Washington,53,WA,Asotin,53003,2019,5,88,29
Washington,53,WA,Asotin,53003,2019,6,59,18
Washington,53,WA,Asotin,53003,2019,7,87,52
Washington,53,WA,Asotin,53003,2019,8,59,21
Washington,53,WA,Asotin,53003,2019,9,52,24
Washington,53,WA,Asotin,53003,2019,10,45,30
Washington,53,WA,Asotin,53003,2019,11,61,44
Washington,53,WA,Asotin,53003,2019,12,98,68
Washington,53,WA,Asotin,53003,2020,1,124,58
Washington,53,WA,Asotin,53003,2020,2,103,22
Washington,53,WA,Benton,53005,2019,1,2446,1004
Washington,53,WA,Benton,53005,2019,2,2677,1439
Washington,53,WA,Benton,53005,2019,3,2631,701
Washington,53,WA,Benton,53005,2019,4,1736,699
Washington,53,WA,Benton,53005,2019,5,1455,767
Washington,53,WA,Benton,53005,2019,6,1336,623
Washington,53,WA,Benton,53005,2019,7,1230,701
Washington,53,WA,Benton,53005,2019,8,1241,589
Washington,53,WA,Benton,53005,2019,9,1204,587
Washington,53,WA,Benton,53005,2019,10,1205,821
Washington,53,WA,Benton,53005,2019,11,1579,1425
Washington,53,WA,Benton,53005,2019,12,2453,1536
Washington,53,WA,Benton,53005,2020,1,2738,1190
Washington,53,WA,Benton,53005,2020,2,2185,589
Washington,53,WA,Chelan,53007,2019,1,1208,525
Washington,53,WA,Chelan,53007,2019,2,1234,444
Washington,53,WA,Chelan,53007,2019,3,1174,317
Washington,53,WA,Chelan,53007,2019,4,865,342
Washington,53,WA,Chelan,53007,2019,5,693,320
Washington,53,WA,Chelan,53007,2019,6,584,197
Washington,53,WA,Chelan,53007,2019,7,474,282
Washington,53,WA,Chelan,53007,2019,8,589,322
Washington,53,WA,Chelan,53007,2019,9,483,255
Washington,53,WA,Chelan,53007,2019,10,491,428
Washington,53,WA,Chelan,53007,2019,11,727,549
Washington,53,WA,Chelan,53007,2019,12,1122,667
Washington,53,WA,Chelan,53007,2020,1,1258,629
Washington,53,WA,Chelan,53007,2020,2,1095,291
Washington,53,WA,Clallam,53009,2019,1,805,319
Washington,53,WA,Clallam,53009,2019,2,881,445
Washington,53,WA,Clallam,53009,2019,3,705,163
Washington,53,WA,Clallam,53009,2019,4,575,181
Washington,53,WA,Clallam,53009,2019,5,432,166
Washington,53,WA,Clallam,53009,2019,6,409,190
Washington,53,WA,Clallam,53009,2019,7,421,205
Washington,53,WA,Clallam,53009,2019,8,379,164
Washington,53,WA,Clallam,53009,2019,9,391,185
Washington,53,WA,Clallam,53009,2019,10,421,290
Washington,53,WA,Clallam,53009,2019,11,483,284
Washington,53,WA,Clallam,53009,2019,12,635,385
Washington,53,WA,Clallam,53009,2020,1,768,483
Washington,53,WA,Clallam,53009,2020,2,630,205
Washington,53,WA,Clark,53011,2019,1,2747,1342
Washington,53,WA,Clark,53011,2019,2,2553,1132
Washington,53,WA,Clark,53011,2019,3,2637,1037
Washington,53,WA,Clark,53011,2019,4,2542,1083
Washington,53,WA,Clark,53011,2019,5,2312,975
Washington,53,WA,Clark,53011,2019,6,2435,1117
Washington,53,WA,Clark,53011,2019,7,2484,1067
Washington,53,WA,Clark,53011,2019,8,2370,933
Washington,53,WA,Clark,53011,2019,9,2162,1009
Washington,53,WA,Clark,53011,2019,10,2086,1087
Washington,53,WA,Clark,53011,2019,11,2145,1158
Washington,53,WA,Clark,53011,2019,12,2636,1677
Washington,53,WA,Clark,53011,2020,1,3020,1656
Washington,53,WA,Clark,53011,2020,2,2573,1065
Washington,53,WA,Columbia,53013,2019,1,36,16
Washington,53,WA,Columbia,53013,2019,2,40,13
Washington,53,WA,Columbia,53013,2019,3,39,7
Washington,53,WA,Columbia,53013,2019,4,27,10
Washington,53,WA,Columbia,53013,2019,5,21,6
Washington,53,WA,Columbia,53013,2019,6,18,6
Washington,53,WA,Columbia,53013,2019,7,11,1
Washington,53,WA,Columbia,53013,2019,8,14,8
Washington,53,WA,Columbia,53013,2019,9,15,7
Washington,53,WA,Columbia,53013,2019,10,16,14
Washington,53,WA,Columbia,53013,2019,11,25,18
Washington,53,WA,Columbia,53013,2019,12,37,19
Washington,53,WA,Columbia,53013,2020,1,40,17
Washington,53,WA,Columbia,53013,2020,2,34,6
Washington,53,WA,Cowlitz,53015,2019,1,1040,460
Washington,53,WA,Cowlitz,53015,2019,2,1001,501
Washington,53,WA,Cowlitz,53015,2019,3,1019,427
Washington,53,WA,Cowlitz,53015,2019,4,931,404
Washington,53,WA,Cowlitz,53015,2019,5,853,395
Washington,53,WA,Cowlitz,53015,2019,6,848,377
Washington,53,WA,Cowlitz,53015,2019,7,859,484
Washington,53,WA,Cowlitz,53015,2019,8,806,371
Washington,53,WA,Cowlitz,53015,2019,9,802,362
Washington,53,WA,Cowlitz,53015,2019,10,798,504
Washington,53,WA,Cowlitz,53015,2019,11,838,533
Washington,53,WA,Cowlitz,53015,2019,12,1135,663
Washington,53,WA,Cowlitz,53015,2020,1,1179,619
Washington,53,WA,Cowlitz,53015,2020,2,1022,372
Washington,53,WA,Douglas,53017,2019,1,688,277
Washington,53,WA,Douglas,53017,2019,2,682,230
Washington,53,WA,Douglas,53017,2019,3,662,177
Washington,53,WA,Douglas,53017,2019,4,483,187
Washington,53,WA,Douglas,53017,2019,5,328,129
Washington,53,WA,Douglas,53017,2019,6,311,124
Washington,53,WA,Douglas,53017,2019,7,261,175
Washington,53,WA,Douglas,53017,2019,8,328,166
Washington,53,WA,Douglas,53017,2019,9,230,110
Washington,53,WA,Douglas,53017,2019,10,225,204
Washington,53,WA,Douglas,53017,2019,11,376,298
Washington,53,WA,Douglas,53017,2019,12,581,369
Washington,53,WA,Douglas,53017,2020,1,686,311
Washington,53,WA,Douglas,53017,2020,2,590,137
Washington,53,WA,Ferry,53019,2019,1,151,71
Washington,53,WA,Ferry,53019,2019,2,158,39
Washington,53,WA,Ferry,53019,2019,3,154,17
Washington,53,WA,Ferry,53019,2019,4,120,21
Washington,53,WA,Ferry,53019,2019,5,69,9
Washington,53,WA,Ferry,53019,2019,6,50,19
Washington,53,WA,Ferry,53019,2019,7,50,23
Washington,53,WA,Ferry,53019,2019,8,57,19
Washington,53,WA,Ferry,53019,2019,9,52,26
Washington,53,WA,Ferry,53019,2019,10,63,32
Washington,53,WA,Ferry,53019,2019,11,77,46
Washington,53,WA,Ferry,53019,2019,12,112,61
Washington,53,WA,Ferry,53019,2020,1,115,63
Washington,53,WA,Ferry,53019,2020,2,133,31
Washington,53,WA,Franklin,53021,2019,1,1490,457
Washington,53,WA,Franklin,53021,2019,2,1591,749
Washington,53,WA,Franklin,53021,2019,3,1673,435
Washington,53,WA,Franklin,53021,2019,4,974,343
Washington,53,WA,Franklin,53021,2019,5,725,515
Washington,53,WA,Franklin,53021,2019,6,664,330
Washington,53,WA,Franklin,53021,2019,7,595,438
Washington,53,WA,Franklin,53021,2019,8,652,272
Washington,53,WA,Franklin,53021,2019,9,534,249
Washington,53,WA,Franklin,53021,2019,10,548,441
Washington,53,WA,Franklin,53021,2019,11,967,919
Washington,53,WA,Franklin,53021,2019,12,1508,819
Washington,53,WA,Franklin,53021,2020,1,1599,586
Washington,53,WA,Franklin,53021,2020,2,1302,277
Washington,53,WA,Garfield,53023,2019,1,25,19
Washington,53,WA,Garfield,53023,2019,2,23,2
Washington,53,WA,Garfield,53023,2019,3,20,3
Washington,53,WA,Garfield,53023,2019,4,9,2
Washington,53,WA,Garfield,53023,2019,5,9,3
Washington,53,WA,Garfield,53023,2019,6,8,6
Washington,53,WA,Garfield,53023,2019,7,9,1
Washington,53,WA,Garfield,53023,2019,8,6,2
Washington,53,WA,Garfield,53023,2019,9,7,4
Washington,53,WA,Garfield,53023,2019,10,8,5
Washington,53,WA,Garfield,53023,2019,11,14,7
Washington,53,WA,Garfield,53023,2019,12,16,5
Washington,53,WA,Garfield,53023,2020,1,21,12
Washington,53,WA,Garfield,53023,2020,2,21,1
Washington,53,WA,Grant,53025,2019,1,1887,545
Washington,53,WA,Grant,53025,2019,2,1842,682
Washington,53,WA,Grant,53025,2019,3,1830,488
Washington,53,WA,Grant,53025,2019,4,1274,373
Washington,53,WA,Grant,53025,2019,5,874,320
Washington,53,WA,Grant,53025,2019,6,760,252
Washington,53,WA,Grant,53025,2019,7,692,404
Washington,53,WA,Grant,53025,2019,8,724,283
Washington,53,WA,Grant,53025,2019,9,667,281
Washington,53,WA,Grant,53025,2019,10,699,667
Washington,53,WA,Grant,53025,2019,11,1281,1536
Washington,53,WA,Grant,53025,2019,12,2419,1214
Washington,53,WA,Grant,53025,2020,1,2500,736
Washington,53,WA,Grant,53025,2020,2,1815,430
Washington,53,WA,Grays Harbor,53027,2019,1,902,353
Washington,53,WA,Grays Harbor,53027,2019,2,886,508
Washington,53,WA,Grays Harbor,53027,2019,3,862,306
Washington,53,WA,Grays Harbor,53027,2019,4,740,273
Washington,53,WA,Grays Harbor,53027,2019,5,610,275
Washington,53,WA,Grays Harbor,53027,2019,6,561,205
Washington,53,WA,Grays Harbor,53027,2019,7,504,287
Washington,53,WA,Grays Harbor,53027,2019,8,440,282
Washington,53,WA,Grays Harbor,53027,2019,9,521,319
Washington,53,WA,Grays Harbor,53027,2019,10,553,382
Washington,53,WA,Grays Harbor,53027,2019,11,626,383
Washington,53,WA,Grays Harbor,53027,2019,12,885,529
Washington,53,WA,Grays Harbor,53027,2020,1,961,437
Washington,53,WA,Grays Harbor,53027,2020,2,791,260
Washington,53,WA,Island,53029,2019,1,485,231
Washington,53,WA,Island,53029,2019,2,497,275
Washington,53,WA,Island,53029,2019,3,418,129
Washington,53,WA,Island,53029,2019,4,403,194
Washington,53,WA,Island,53029,2019,5,391,152
Washington,53,WA,Island,53029,2019,6,392,193
Washington,53,WA,Island,53029,2019,7,372,174
Washington,53,WA,Island,53029,2019,8,366,144
Washington,53,WA,Island,53029,2019,9,391,161
Washington,53,WA,Island,53029,2019,10,366,202
Washington,53,WA,Island,53029,2019,11,365,197
Washington,53,WA,Island,53029,2019,12,446,202
Washington,53,WA,Island,53029,2020,1,490,288
Washington,53,WA,Island,53029,2020,2,420,157
Washington,53,WA,Jefferson,53031,2019,1,196,88
Washington,53,WA,Jefferson,53031,2019,2,225,118
Washington,53,WA,Jefferson,53031,2019,3,189,56
Washington,53,WA,Jefferson,53031,2019,4,174,66
Washington,53,WA,Jefferson,53031,2019,5,151,47
Washington,53,WA,Jefferson,53031,2019,6,141,46
Washington,53,WA,Jefferson,53031,2019,7,141,53
Washington,53,WA,Jefferson,53031,2019,8,135,42
Washington,53,WA,Jefferson,53031,2019,9,137,46
Washington,53,WA,Jefferson,53031,2019,10,134,80
Washington,53,WA,Jefferson,53031,2019,11,151,80
Washington,53,WA,Jefferson,53031,2019,12,178,90
Washington,53,WA,Jefferson,53031,2020,1,200,103
Washington,53,WA,Jefferson,53031,2020,2,181,47
Washington,53,WA,King,53033,2019,1,13988,6952
Washington,53,WA,King,53033,2019,2,13895,5841
Washington,53,WA,King,53033,2019,3,13030,4594
Washington,53,WA,King,53033,2019,4,12495,5162
Washington,53,WA,King,53033,2019,5,11724,4278
Washington,53,WA,King,53033,2019,6,11454,4522
Washington,53,WA,King,53033,2019,7,11911,5078
Washington,53,WA,King,53033,2019,8,11547,4555
Washington,53,WA,King,53033,2019,9,11839,4699
Washington,53,WA,King,53033,2019,10,11551,5584
Washington,53,WA,King,53033,2019,11,11740,4881
Washington,53,WA,King,53033,2019,12,13192,5567
Washington,53,WA,King,53033,2020,1,14241,7640
Washington,53,WA,King,53033,2020,2,13225,4990
Washington,53,WA,Kitsap,53035,2019,1,1726,860
Washington,53,WA,Kitsap,53035,2019,2,1783,785
Washington,53,WA,Kitsap,53035,2019,3,1554,459
Washington,53,WA,Kitsap,53035,2019,4,1349,524
Washington,53,WA,Kitsap,53035,2019,5,1200,529
Washington,53,WA,Kitsap,53035,2019,6,1249,529
Washington,53,WA,Kitsap,53035,2019,7,1175,516
Washington,53,WA,Kitsap,53035,2019,8,1132,509
Washington,53,WA,Kitsap,53035,2019,9,1177,556
Washington,53,WA,Kitsap,53035,2019,10,1183,552
Washington,53,WA,Kitsap,53035,2019,11,1153,576
Washington,53,WA,Kitsap,53035,2019,12,1359,678
Washington,53,WA,Kitsap,53035,2020,1,1488,897
Washington,53,WA,Kitsap,53035,2020,2,1334,481
Washington,53,WA,Kittitas,53037,2019,1,483,227
Washington,53,WA,Kittitas,53037,2019,2,516,203
Washington,53,WA,Kittitas,53037,2019,3,471,127
Washington,53,WA,Kittitas,53037,2019,4,342,116
Washington,53,WA,Kittitas,53037,2019,5,260,104
Washington,53,WA,Kittitas,53037,2019,6,242,95
Washington,53,WA,Kittitas,53037,2019,7,214,85
Washington,53,WA,Kittitas,53037,2019,8,176,85
Washington,53,WA,Kittitas,53037,2019,9,200,109
Washington,53,WA,Kittitas,53037,2019,10,229,162
Washington,53,WA,Kittitas,53037,2019,11,252,208
Washington,53,WA,Kittitas,53037,2019,12,406,282
Washington,53,WA,Kittitas,53037,2020,1,507,269
Washington,53,WA,Kittitas,53037,2020,2,471,104
Washington,53,WA,Klickitat,53039,2019,1,262,115
Washington,53,WA,Klickitat,53039,2019,2,233,75
Washington,53,WA,Klickitat,53039,2019,3,228,58
Washington,53,WA,Klickitat,53039,2019,4,187,63
Washington,53,WA,Klickitat,53039,2019,5,143,93
Washington,53,WA,Klickitat,53039,2019,6,154,56
Washington,53,WA,Klickitat,53039,2019,7,112,48
Washington,53,WA,Klickitat,53039,2019,8,125,64
Washington,53,WA,Klickitat,53039,2019,9,81,34
Washington,53,WA,Klickitat,53039,2019,10,83,74
Washington,53,WA,Klickitat,53039,2019,11,110,79
Washington,53,WA,Klickitat,53039,2019,12,193,109
Washington,53,WA,Klickitat,53039,2020,1,215,118
Washington,53,WA,Klickitat,53039,2020,2,205,50
Washington,53,WA,Lewis,53041,2019,1,942,387
Washington,53,WA,Lewis,53041,2019,2,920,474
Washington,53,WA,Lewis,53041,2019,3,820,253
Washington,53,WA,Lewis,53041,2019,4,695,335
Washington,53,WA,Lewis,53041,2019,5,572,228
Washington,53,WA,Lewis,53041,2019,6,558,298
Washington,53,WA,Lewis,53041,2019,7,560,289
Washington,53,WA,Lewis,53041,2019,8,535,276
Washington,53,WA,Lewis,53041,2019,9,565,280
Washington,53,WA,Lewis,53041,2019,10,558,406
Washington,53,WA,Lewis,53041,2019,11,651,422
Washington,53,WA,Lewis,53041,2019,12,892,571
Washington,53,WA,Lewis,53041,2020,1,1050,519
Washington,53,WA,Lewis,53041,2020,2,879,253
Washington,53,WA,Lincoln,53043,2019,1,103,42
Washington,53,WA,Lincoln,53043,2019,2,97,36
Washington,53,WA,Lincoln,53043,2019,3,102,28
Washington,53,WA,Lincoln,53043,2019,4,71,15
Washington,53,WA,Lincoln,53043,2019,5,40,15
Washington,53,WA,Lincoln,53043,2019,6,39,17
Washington,53,WA,Lincoln,53043,2019,7,36,18
Washington,53,WA,Lincoln,53043,2019,8,33,14
Washington,53,WA,Lincoln,53043,2019,9,34,22
Washington,53,WA,Lincoln,53043,2019,10,50,33
Washington,53,WA,Lincoln,53043,2019,11,69,48
Washington,53,WA,Lincoln,53043,2019,12,90,52
Washington,53,WA,Lincoln,53043,2020,1,104,53
Washington,53,WA,Lincoln,53043,2020,2,92,24
Washington,53,WA,Mason,53045,2019,1,552,254
Washington,53,WA,Mason,53045,2019,2,596,301
Washington,53,WA,Mason,53045,2019,3,500,127
Washington,53,WA,Mason,53045,2019,4,428,147
Washington,53,WA,Mason,53045,2019,5,361,172
Washington,53,WA,Mason,53045,2019,6,373,188
Washington,53,WA,Mason,53045,2019,7,362,147
Washington,53,WA,Mason,53045,2019,8,301,136
Washington,53,WA,Mason,53045,2019,9,343,216
Washington,53,WA,Mason,53045,2019,10,378,197
Washington,53,WA,Mason,53045,2019,11,392,204
Washington,53,WA,Mason,53045,2019,12,499,297
Washington,53,WA,Mason,53045,2020,1,573,326
Washington,53,WA,Mason,53045,2020,2,509,207
Washington,53,WA,Okanogan,53047,2019,1,944,295
Washington,53,WA,Okanogan,53047,2019,2,883,251
Washington,53,WA,Okanogan,53047,2019,3,872,176
Washington,53,WA,Okanogan,53047,2019,4,641,187
Washington,53,WA,Okanogan,53047,2019,5,447,201
Washington,53,WA,Okanogan,53047,2019,6,376,141
Washington,53,WA,Okanogan,53047,2019,7,288,127
Washington,53,WA,Okanogan,53047,2019,8,336,163
Washington,53,WA,Okanogan,53047,2019,9,263,122
Washington,53,WA,Okanogan,53047,2019,10,260,250
Washington,53,WA,Okanogan,53047,2019,11,487,454
Washington,53,WA,Okanogan,53047,2019,12,792,415
Washington,53,WA,Okanogan,53047,2020,1,899,369
Washington,53,WA,Okanogan,53047,2020,2,749,156
Washington,53,WA,Pacific,53049,2019,1,236,75
Washington,53,WA,Pacific,53049,2019,2,212,102
Washington,53,WA,Pacific,53049,2019,3,211,76
Washington,53,WA,Pacific,53049,2019,4,187,64
Washington,53,WA,Pacific,53049,2019,5,167,54
Washington,53,WA,Pacific,53049,2019,6,150,43
Washington,53,WA,Pacific,53049,2019,7,123,58
Washington,53,WA,Pacific,53049,2019,8,126,69
Washington,53,WA,Pacific,53049,2019,9,127,78
Washington,53,WA,Pacific,53049,2019,10,145,88
Washington,53,WA,Pacific,53049,2019,11,158,92
Washington,53,WA,Pacific,53049,2019,12,219,120
Washington,53,WA,Pacific,53049,2020,1,207,95
Washington,53,WA,Pacific,53049,2020,2,165,91
Washington,53,WA,Pend Oreille,53051,2019,1,185,67
Washington,53,WA,Pend Oreille,53051,2019,2,179,58
Washington,53,WA,Pend Oreille,53051,2019,3,189,35
Washington,53,WA,Pend Oreille,53051,2019,4,155,40
Washington,53,WA,Pend Oreille,53051,2019,5,94,29
Washington,53,WA,Pend Oreille,53051,2019,6,77,34
Washington,53,WA,Pend Oreille,53051,2019,7,69,44
Washington,53,WA,Pend Oreille,53051,2019,8,122,81
Washington,53,WA,Pend Oreille,53051,2019,9,126,27
Washington,53,WA,Pend Oreille,53051,2019,10,120,41
Washington,53,WA,Pend Oreille,53051,2019,11,136,72
Washington,53,WA,Pend Oreille,53051,2019,12,201,90
Washington,53,WA,Pend Oreille,53051,2020,1,216,70
Washington,53,WA,Pend Oreille,53051,2020,2,194,49
Washington,53,WA,Pierce,53053,2019,1,7650,3730
Washington,53,WA,Pierce,53053,2019,2,8164,4458
Washington,53,WA,Pierce,53053,2019,3,7140,2568
Washington,53,WA,Pierce,53053,2019,4,6535,2842
Washington,53,WA,Pierce,53053,2019,5,5882,2455
Washington,53,WA,Pierce,53053,2019,6,5654,2570
Washington,53,WA,Pierce,53053,2019,7,5551,2539
Washington,53,WA,Pierce,53053,2019,8,5303,2430
Washington,53,WA,Pierce,53053,2019,9,5726,2802
Washington,53,WA,Pierce,53053,2019,10,5838,3332
Washington,53,WA,Pierce,53053,2019,11,6030,3168
Washington,53,WA,Pierce,53053,2019,12,7434,3880
Washington,53,WA,Pierce,53053,2020,1,8290,4885
Washington,53,WA,Pierce,53053,2020,2,7470,2802
Washington,53,WA,San Juan,53055,2019,1,83,46
Washington,53,WA,San Juan,53055,2019,2,87,29
Washington,53,WA,San Juan,53055,2019,3,91,26
Washington,53,WA,San Juan,53055,2019,4,62,20
Washington,53,WA,San Juan,53055,2019,5,48,9
Washington,53,WA,San Juan,53055,2019,6,38,9
Washington,53,WA,San Juan,53055,2019,7,28,13
Washington,53,WA,San Juan,53055,2019,8,26,14
Washington,53,WA,San Juan,53055,2019,9,36,19
Washington,53,WA,San Juan,53055,2019,10,49,39
Washington,53,WA,San Juan,53055,2019,11,61,36
Washington,53,WA,San Juan,53055,2019,12,87,75
Washington,53,WA,San Juan,53055,2020,1,123,72
Washington,53,WA,San Juan,53055,2020,2,113,17
Washington,53,WA,Skagit,53057,2019,1,1376,573
Washington,53,WA,Skagit,53057,2019,2,1481,918
Washington,53,WA,Skagit,53057,2019,3,1177,403
Washington,53,WA,Skagit,53057,2019,4,1044,561
Washington,53,WA,Skagit,53057,2019,5,1011,590
Washington,53,WA,Skagit,53057,2019,6,1077,422
Washington,53,WA,Skagit,53057,2019,7,1009,487
Washington,53,WA,Skagit,53057,2019,8,966,436
Washington,53,WA,Skagit,53057,2019,9,1013,480
Washington,53,WA,Skagit,53057,2019,10,973,562
Washington,53,WA,Skagit,53057,2019,11,1090,623
Washington,53,WA,Skagit,53057,2019,12,1427,848
Washington,53,WA,Skagit,53057,2020,1,1701,924
Washington,53,WA,Skagit,53057,2020,2,1370,479
Washington,53,WA,Skamania,53059,2019,1,118,37
Washington,53,WA,Skamania,53059,2019,2,101,59
Washington,53,WA,Skamania,53059,2019,3,92,25
Washington,53,WA,Skamania,53059,2019,4,59,32
Washington,53,WA,Skamania,53059,2019,5,61,43
Washington,53,WA,Skamania,53059,2019,6,65,31
Washington,53,WA,Skamania,53059,2019,7,70,29
Washington,53,WA,Skamania,53059,2019,8,77,35
Washington,53,WA,Skamania,53059,2019,9,62,29
Washington,53,WA,Skamania,53059,2019,10,59,43
Washington,53,WA,Skamania,53059,2019,11,70,54
Washington,53,WA,Skamania,53059,2019,12,105,73
Washington,53,WA,Skamania,53059,2020,1,126,56
Washington,53,WA,Skamania,53059,2020,2,106,30
Washington,53,WA,Snohomish,53061,2019,1,5942,2877
Washington,53,WA,Snohomish,53061,2019,2,6693,3829
Washington,53,WA,Snohomish,53061,2019,3,5633,1983
Washington,53,WA,Snohomish,53061,2019,4,5097,2261
Washington,53,WA,Snohomish,53061,2019,5,4621,1902
Washington,53,WA,Snohomish,53061,2019,6,4569,1989
Washington,53,WA,Snohomish,53061,2019,7,4674,1979
Washington,53,WA,Snohomish,53061,2019,8,4416,1936
Washington,53,WA,Snohomish,53061,2019,9,4808,2196
Washington,53,WA,Snohomish,53061,2019,10,4762,2424
Washington,53,WA,Snohomish,53061,2019,11,4948,2493
Washington,53,WA,Snohomish,53061,2019,12,5974,3106
Washington,53,WA,Snohomish,53061,2020,1,6761,3937
Washington,53,WA,Snohomish,53061,2020,2,5982,2206
Washington,53,WA,Spokane,53063,2019,1,5739,2360
Washington,53,WA,Spokane,53063,2019,2,5591,1954
Washington,53,WA,Spokane,53063,2019,3,5637,1423
Washington,53,WA,Spokane,53063,2019,4,4263,1418
Washington,53,WA,Spokane,53063,2019,5,3199,1207
Washington,53,WA,Spokane,53063,2019,6,3099,1380
Washington,53,WA,Spokane,53063,2019,7,2997,1198
Washington,53,WA,Spokane,53063,2019,8,2788,1138
Washington,53,WA,Spokane,53063,2019,9,2717,1315
Washington,53,WA,Spokane,53063,2019,10,2640,1681
Washington,53,WA,Spokane,53063,2019,11,3162,2347
Washington,53,WA,Spokane,53063,2019,12,4947,3165
Washington,53,WA,Spokane,53063,2020,1,5754,2928
Washington,53,WA,Spokane,53063,2020,2,5419,1547
Washington,53,WA,Stevens,53065,2019,1,673,267
Washington,53,WA,Stevens,53065,2019,2,666,263
Washington,53,WA,Stevens,53065,2019,3,752,199
Washington,53,WA,Stevens,53065,2019,4,574,127
Washington,53,WA,Stevens,53065,2019,5,387,115
Washington,53,WA,Stevens,53065,2019,6,311,132
Washington,53,WA,Stevens,53065,2019,7,305,152
Washington,53,WA,Stevens,53065,2019,8,259,101
Washington,53,WA,Stevens,53065,2019,9,257,117
Washington,53,WA,Stevens,53065,2019,10,241,197
Washington,53,WA,Stevens,53065,2019,11,370,330
Washington,53,WA,Stevens,53065,2019,12,633,388
Washington,53,WA,Stevens,53065,2020,1,748,365
Washington,53,WA,Stevens,53065,2020,2,735,195
Washington,53,WA,Thurston,53067,2019,1,2219,1048
Washington,53,WA,Thurston,53067,2019,2,2308,1165
Washington,53,WA,Thurston,53067,2019,3,1982,727
Washington,53,WA,Thurston,53067,2019,4,1850,786
Washington,53,WA,Thurston,53067,2019,5,1665,715
Washington,53,WA,Thurston,53067,2019,6,1624,704
Washington,53,WA,Thurston,53067,2019,7,1576,695
Washington,53,WA,Thurston,53067,2019,8,1528,653
Washington,53,WA,Thurston,53067,2019,9,1597,825
Washington,53,WA,Thurston,53067,2019,10,1626,945
Washington,53,WA,Thurston,53067,2019,11,1685,922
Washington,53,WA,Thurston,53067,2019,12,2060,1121
Washington,53,WA,Thurston,53067,2020,1,2315,1424
Washington,53,WA,Thurston,53067,2020,2,2165,781
Washington,53,WA,Wahkiakum,53069,2019,1,28,18
Washington,53,WA,Wahkiakum,53069,2019,2,30,13
Washington,53,WA,Wahkiakum,53069,2019,3,27,10
Washington,53,WA,Wahkiakum,53069,2019,4,19,6
Washington,53,WA,Wahkiakum,53069,2019,5,16,6
Washington,53,WA,Wahkiakum,53069,2019,6,13,7
Washington,53,WA,Wahkiakum,53069,2019,7,12,6
Washington,53,WA,Wahkiakum,53069,2019,8,12,3
Washington,53,WA,Wahkiakum,53069,2019,9,12,10
Washington,53,WA,Wahkiakum,53069,2019,10,22,14
Washington,53,WA,Wahkiakum,53069,2019,11,20,11
Washington,53,WA,Wahkiakum,53069,2019,12,27,11
Washington,53,WA,Wahkiakum,53069,2020,1,22,7
Washington,53,WA,Wahkiakum,53069,2020,2,24,18
Washington,53,WA,Walla Walla,53071,2019,1,564,201
Washington,53,WA,Walla Walla,53071,2019,2,564,251
Washington,53,WA,Walla Walla,53071,2019,3,604,154
Washington,53,WA,Walla Walla,53071,2019,4,354,108
Washington,53,WA,Walla Walla,53071,2019,5,269,163
Washington,53,WA,Walla Walla,53071,2019,6,309,135
Washington,53,WA,Walla Walla,53071,2019,7,303,146
Washington,53,WA,Walla Walla,53071,2019,8,275,96
Washington,53,WA,Walla Walla,53071,2019,9,270,117
Washington,53,WA,Walla Walla,53071,2019,10,259,146
Washington,53,WA,Walla Walla,53071,2019,11,335,255
Washington,53,WA,Walla Walla,53071,2019,12,542,321
Washington,53,WA,Walla Walla,53071,2020,1,580,233
Washington,53,WA,Walla Walla,53071,2020,2,467,130
Washington,53,WA,Whatcom,53073,2019,1,1962,1014
Washington,53,WA,Whatcom,53073,2019,2,2213,1209
Washington,53,WA,Whatcom,53073,2019,3,1738,568
Washington,53,WA,Whatcom,53073,2019,4,1538,694
Washington,53,WA,Whatcom,53073,2019,5,1403,826
Washington,53,WA,Whatcom,53073,2019,6,1587,705
Washington,53,WA,Whatcom,53073,2019,7,1552,710
Washington,53,WA,Whatcom,53073,2019,8,1502,668
Washington,53,WA,Whatcom,53073,2019,9,1566,694
Washington,53,WA,Whatcom,53073,2019,10,1511,841
Washington,53,WA,Whatcom,53073,2019,11,1592,836
Washington,53,WA,Whatcom,53073,2019,12,2074,1227
Washington,53,WA,Whatcom,53073,2020,1,2545,1361
Washington,53,WA,Whatcom,53073,2020,2,1986,649
Washington,53,WA,Whitman,53075,2019,1,149,85
Washington,53,WA,Whitman,53075,2019,2,137,56
Washington,53,WA,Whitman,53075,2019,3,131,43
Washington,53,WA,Whitman,53075,2019,4,95,30
Washington,53,WA,Whitman,53075,2019,5,83,52
Washington,53,WA,Whitman,53075,2019,6,80,30
Washington,53,WA,Whitman,53075,2019,7,86,47
Washington,53,WA,Whitman,53075,2019,8,65,20
Washington,53,WA,Whitman,53075,2019,9,69,35
Washington,53,WA,Whitman,53075,2019,10,67,59
Washington,53,WA,Whitman,53075,2019,11,82,59
Washington,53,WA,Whitman,53075,2019,12,114,62
Washington,53,WA,Whitman,53075,2020,1,123,79
Washington,53,WA,Whitman,53075,2020,2,121,34
Washington,53,WA,Yakima,53077,2019,1,5855,1703
Washington,53,WA,Yakima,53077,2019,2,5838,2138
Washington,53,WA,Yakima,53077,2019,3,5779,1264
Washington,53,WA,Yakima,53077,2019,4,3929,1205
Washington,53,WA,Yakima,53077,2019,5,2948,1252
Washington,53,WA,Yakima,53077,2019,6,2584,957
Washington,53,WA,Yakima,53077,2019,7,2214,1226
Washington,53,WA,Yakima,53077,2019,8,2577,1383
Washington,53,WA,Yakima,53077,2019,9,1905,859
Washington,53,WA,Yakima,53077,2019,10,1837,1654
Washington,53,WA,Yakima,53077,2019,11,3375,3176
Washington,53,WA,Yakima,53077,2019,12,5453,3042
Washington,53,WA,Yakima,53077,2020,1,6020,2030
Washington,53,WA,Yakima,53077,2020,2,4823,1080
