IDWD Research and Analysis,,,,,,,,,,
,,,,,,,,,,
Unemployment Insurance (UI) Claims,,,,,,,,,,
,,,,,,,,,,
Geography,State Fips,County Fips,Year,Month,Month Code,week,Initial Claims,Pct. Change from Same,,
,,,,,,,,Week Last Year,,
"Adams County, IN",18,1,2020,April,4,14,968,8700.00%,,
"Adams County, IN",18,1,2020,April,4,15,403,100.00%,,
"Allen County, IN",18,3,2020,April,4,14,"6,848",7771.30%,,
"Allen County, IN",18,3,2020,April,4,15,"6,005",7223.20%,,
"Bartholomew County, IN",18,5,2020,April,4,14,"1,625",11507.10%,,
"Bartholomew County, IN",18,5,2020,April,4,15,"1,845",13078.60%,,
"Benton County, IN",18,7,2020,April,4,14,122,,,
"Benton County, IN",18,7,2020,April,4,15,132,100.00%,,
"Blackford County, IN",18,9,2020,April,4,14,257,100.00%,,
"Blackford County, IN",18,9,2020,April,4,15,194,100.00%,,
"Boone County, IN",18,11,2020,April,4,14,670,4685.70%,,
"Boone County, IN",18,11,2020,April,4,15,699,4560.00%,,
"Brown County, IN",18,13,2020,April,4,14,206,100.00%,,
"Brown County, IN",18,13,2020,April,4,15,248,100.00%,,
"Carroll County, IN",18,15,2020,April,4,14,265,2108.30%,,
"Carroll County, IN",18,15,2020,April,4,15,416,100.00%,,
"Cass County, IN",18,17,2020,April,4,14,574,655.30%,,
"Cass County, IN",18,17,2020,April,4,15,627,4378.60%,,
"Clark County, IN",18,19,2020,April,4,14,"1,827",8600.00%,,
"Clark County, IN",18,19,2020,April,4,15,"1,907",4440.50%,,
"Clay County, IN",18,21,2020,April,4,14,332,100.00%,,
"Clay County, IN",18,21,2020,April,4,15,344,2193.30%,,
"Clinton County, IN",18,23,2020,April,4,14,489,4790.00%,,
"Clinton County, IN",18,23,2020,April,4,15,652,100.00%,,
"Crawford County, IN",18,25,2020,April,4,14,175,100.00%,,
"Crawford County, IN",18,25,2020,April,4,15,165,100.00%,,
"Daviess County, IN",18,27,2020,April,4,14,201,100.00%,,
"Daviess County, IN",18,27,2020,April,4,15,224,1766.70%,,
"Dearborn County, IN",18,29,2020,April,4,14,525,100.00%,,
"Dearborn County, IN",18,29,2020,April,4,15,500,3746.20%,,
"Decatur County, IN",18,31,2020,April,4,14,802,5628.60%,,
"Decatur County, IN",18,31,2020,April,4,15,959,100.00%,,
"DeKalb County, IN",18,33,2020,April,4,14,838,7518.20%,,
"DeKalb County, IN",18,33,2020,April,4,15,706,5330.80%,,
"Delaware County, IN",18,35,2020,April,4,14,"1,696",3938.10%,,
"Delaware County, IN",18,35,2020,April,4,15,"1,565",5919.20%,,
"Dubois County, IN",18,37,2020,April,4,14,626,100.00%,,
"Dubois County, IN",18,37,2020,April,4,15,714,5850.00%,,
"Elkhart County, IN",18,39,2020,April,4,14,"7,487",7699.00%,,
"Elkhart County, IN",18,39,2020,April,4,15,"5,405",5147.60%,,
"Fayette County, IN",18,41,2020,April,4,14,454,100.00%,,
"Fayette County, IN",18,41,2020,April,4,15,432,100.00%,,
"Floyd County, IN",18,43,2020,April,4,14,"1,098",100.00%,,
"Floyd County, IN",18,43,2020,April,4,15,"1,185",100.00%,,
"Fountain County, IN",18,45,2020,April,4,14,277,100.00%,,
"Fountain County, IN",18,45,2020,April,4,15,304,100.00%,,
"Franklin County, IN",18,47,2020,April,4,14,405,100.00%,,
"Franklin County, IN",18,47,2020,April,4,15,374,100.00%,,
"Fulton County, IN",18,49,2020,April,4,14,371,100.00%,,
"Fulton County, IN",18,49,2020,April,4,15,326,100.00%,,
"Gibson County, IN",18,51,2020,April,4,14,909,100.00%,,
"Gibson County, IN",18,51,2020,April,4,15,"1,136",10227.30%,,
"Grant County, IN",18,53,2020,April,4,14,732,1563.60%,,
"Grant County, IN",18,53,2020,April,4,15,756,1700.00%,,
"Greene County, IN",18,55,2020,April,4,14,343,3330.00%,,
"Greene County, IN",18,55,2020,April,4,15,324,2845.50%,,
"Hamilton County, IN",18,57,2020,April,4,14,"3,756",4120.20%,,
"Hamilton County, IN",18,57,2020,April,4,15,"3,618",6478.20%,,
"Hancock County, IN",18,59,2020,April,4,14,"1,116",6100.00%,,
"Hancock County, IN",18,59,2020,April,4,15,"1,090",5350.00%,,
"Harrison County, IN",18,61,2020,April,4,14,604,4546.20%,,
"Harrison County, IN",18,61,2020,April,4,15,610,4257.10%,,
"Hendricks County, IN",18,63,2020,April,4,14,"1,782",3612.50%,,
"Hendricks County, IN",18,63,2020,April,4,15,"1,784",5654.80%,,
"Henry County, IN",18,65,2020,April,4,14,827,4252.60%,,
"Henry County, IN",18,65,2020,April,4,15,830,100.00%,,
"Howard County, IN",18,67,2020,April,4,14,"1,612",189.40%,,
"Howard County, IN",18,67,2020,April,4,15,"1,482",1902.70%,,
"Huntington County, IN",18,69,2020,April,4,14,647,100.00%,,
"Huntington County, IN",18,69,2020,April,4,15,549,2287.00%,,
"Jackson County, IN",18,71,2020,April,4,14,"1,071",5255.00%,,
"Jackson County, IN",18,71,2020,April,4,15,"1,317",10875.00%,,
"Jasper County, IN",18,73,2020,April,4,14,515,100.00%,,
"Jasper County, IN",18,73,2020,April,4,15,474,4640.00%,,
"Jay County, IN",18,75,2020,April,4,14,671,100.00%,,
"Jay County, IN",18,75,2020,April,4,15,281,100.00%,,
"Jefferson County, IN",18,77,2020,April,4,14,595,100.00%,,
"Jefferson County, IN",18,77,2020,April,4,15,651,100.00%,,
"Jennings County, IN",18,79,2020,April,4,14,536,100.00%,,
"Jennings County, IN",18,79,2020,April,4,15,641,100.00%,,
"Johnson County, IN",18,81,2020,April,4,14,"2,343",5614.60%,,
"Johnson County, IN",18,81,2020,April,4,15,"2,392",5215.60%,,
"Knox County, IN",18,83,2020,April,4,14,503,100.00%,,
"Knox County, IN",18,83,2020,April,4,15,510,100.00%,,
"Kosciusko County, IN",18,85,2020,April,4,14,"1,583",4697.00%,,
"Kosciusko County, IN",18,85,2020,April,4,15,"1,432",4239.40%,,
"LaGrange County, IN",18,87,2020,April,4,14,"1,257",100.00%,,
"LaGrange County, IN",18,87,2020,April,4,15,925,100.00%,,
"Lake County, IN",18,89,2020,April,4,14,"6,972",4125.50%,,
"Lake County, IN",18,89,2020,April,4,15,"6,324",3779.80%,,
"LaPorte County, IN",18,91,2020,April,4,14,"1,461",3552.50%,,
"LaPorte County, IN",18,91,2020,April,4,15,"1,629",4836.40%,,
"Lawrence County, IN",18,93,2020,April,4,14,613,6030.00%,,
"Lawrence County, IN",18,93,2020,April,4,15,613,100.00%,,
"Madison County, IN",18,95,2020,April,4,14,"2,287",4384.30%,,
"Madison County, IN",18,95,2020,April,4,15,"2,260",4331.40%,,
"Marion County, IN",18,97,2020,April,4,14,"13,603",3753.50%,,
"Marion County, IN",18,97,2020,April,4,15,"15,285",4205.60%,,
"Marshall County, IN",18,99,2020,April,4,14,"1,008",9980.00%,,
"Marshall County, IN",18,99,2020,April,4,15,919,100.00%,,
"Martin County, IN",18,101,2020,April,4,14,105,100.00%,,
"Martin County, IN",18,101,2020,April,4,15,103,100.00%,,
"Miami County, IN",18,103,2020,April,4,14,491,309.20%,,
"Miami County, IN",18,103,2020,April,4,15,499,1412.10%,,
"Monroe County, IN",18,105,2020,April,4,14,"1,457",7568.40%,,
"Monroe County, IN",18,105,2020,April,4,15,"1,412",7331.60%,,
"Montgomery County, IN",18,107,2020,April,4,14,491,4363.60%,,
"Montgomery County, IN",18,107,2020,April,4,15,624,4060.00%,,
"Morgan County, IN",18,109,2020,April,4,14,947,5470.60%,,
"Morgan County, IN",18,109,2020,April,4,15,"1,073",5547.40%,,
"Newton County, IN",18,111,2020,April,4,14,142,100.00%,,
"Newton County, IN",18,111,2020,April,4,15,116,100.00%,,
"Noble County, IN",18,113,2020,April,4,14,"1,441",7105.00%,,
"Noble County, IN",18,113,2020,April,4,15,"1,053",5165.00%,,
"Ohio County, IN",18,115,2020,April,4,14,86,100.00%,,
"Ohio County, IN",18,115,2020,April,4,15,70,100.00%,,
"Orange County, IN",18,117,2020,April,4,14,670,100.00%,,
"Orange County, IN",18,117,2020,April,4,15,351,100.00%,,
"Owen County, IN",18,119,2020,April,4,14,250,100.00%,,
"Owen County, IN",18,119,2020,April,4,15,244,100.00%,,
"Parke County, IN",18,121,2020,April,4,14,130,100.00%,,
"Parke County, IN",18,121,2020,April,4,15,137,100.00%,,
"Perry County, IN",18,123,2020,April,4,14,575,100.00%,,
"Perry County, IN",18,123,2020,April,4,15,348,2385.70%,,
"Pike County, IN",18,125,2020,April,4,14,207,100.00%,,
"Pike County, IN",18,125,2020,April,4,15,205,,,
"Porter County, IN",18,127,2020,April,4,14,"2,423",4006.80%,,
"Porter County, IN",18,127,2020,April,4,15,"2,472",4236.80%,,
"Posey County, IN",18,129,2020,April,4,14,235,2036.40%,,
"Posey County, IN",18,129,2020,April,4,15,261,100.00%,,
"Pulaski County, IN",18,131,2020,April,4,14,218,100.00%,,
"Pulaski County, IN",18,131,2020,April,4,15,208,100.00%,,
"Putnam County, IN",18,133,2020,April,4,14,528,100.00%,,
"Putnam County, IN",18,133,2020,April,4,15,515,2139.10%,,
"Randolph County, IN",18,135,2020,April,4,14,368,100.00%,,
"Randolph County, IN",18,135,2020,April,4,15,338,100.00%,,
"Ripley County, IN",18,137,2020,April,4,14,401,100.00%,,
"Ripley County, IN",18,137,2020,April,4,15,351,100.00%,,
"Rush County, IN",18,139,2020,April,4,14,377,100.00%,,
"Rush County, IN",18,139,2020,April,4,15,352,100.00%,,
"St. Joseph County, IN",18,141,2020,April,4,14,"5,814",5490.40%,,
"St. Joseph County, IN",18,141,2020,April,4,15,"4,925",4502.80%,,
"Scott County, IN",18,143,2020,April,4,14,557,100.00%,,
"Scott County, IN",18,143,2020,April,4,15,714,6390.90%,,
"Shelby County, IN",18,145,2020,April,4,14,899,4181.00%,,
"Shelby County, IN",18,145,2020,April,4,15,874,6142.90%,,
"Spencer County, IN",18,147,2020,April,4,14,367,100.00%,,
"Spencer County, IN",18,147,2020,April,4,15,350,100.00%,,
"Starke County, IN",18,149,2020,April,4,14,333,1981.30%,,
"Starke County, IN",18,149,2020,April,4,15,352,100.00%,,
"Steuben County, IN",18,151,2020,April,4,14,796,6023.10%,,
"Steuben County, IN",18,151,2020,April,4,15,587,3161.10%,,
"Sullivan County, IN",18,153,2020,April,4,14,255,100.00%,,
"Sullivan County, IN",18,153,2020,April,4,15,251,100.00%,,
"Switzerland County, IN",18,155,2020,April,4,14,112,100.00%,,
"Switzerland County, IN",18,155,2020,April,4,15,153,100.00%,,
"Tippecanoe County, IN",18,157,2020,April,4,14,"2,276",7748.30%,,
"Tippecanoe County, IN",18,157,2020,April,4,15,"3,960",11547.10%,,
"Tipton County, IN",18,159,2020,April,4,14,249,301.60%,,
"Tipton County, IN",18,159,2020,April,4,15,197,100.00%,,
"Union County, IN",18,161,2020,April,4,14,64,,,
"Union County, IN",18,161,2020,April,4,15,75,100.00%,,
"Vanderburgh County, IN",18,163,2020,April,4,14,"3,185",6400.00%,,
"Vanderburgh County, IN",18,163,2020,April,4,15,"4,040",8495.70%,,
"Vermillion County, IN",18,165,2020,April,4,14,132,100.00%,,
"Vermillion County, IN",18,165,2020,April,4,15,147,100.00%,,
"Vigo County, IN",18,167,2020,April,4,14,"1,537",4858.10%,,
"Vigo County, IN",18,167,2020,April,4,15,"1,428",2544.40%,,
"Wabash County, IN",18,169,2020,April,4,14,287,1950.00%,,
"Wabash County, IN",18,169,2020,April,4,15,326,100.00%,,
"Warren County, IN",18,171,2020,April,4,14,95,,,
"Warren County, IN",18,171,2020,April,4,15,102,,,
"Warrick County, IN",18,173,2020,April,4,14,992,5411.10%,,
"Warrick County, IN",18,173,2020,April,4,15,"1,042",6412.50%,,
"Washington County, IN",18,175,2020,April,4,14,365,3550.00%,,
"Washington County, IN",18,175,2020,April,4,15,390,100.00%,,
"Wayne County, IN",18,177,2020,April,4,14,786,4266.70%,,
"Wayne County, IN",18,177,2020,April,4,15,844,3416.70%,,
"Wells County, IN",18,179,2020,April,4,14,457,100.00%,,
"Wells County, IN",18,179,2020,April,4,15,333,100.00%,,
"White County, IN",18,181,2020,April,4,14,373,100.00%,,
"White County, IN",18,181,2020,April,4,15,430,100.00%,,
"Whitley County, IN",18,183,2020,April,4,14,671,6610.00%,,
"Whitley County, IN",18,183,2020,April,4,15,540,5300.00%,,
Geography,State Fips,County Fips,Year,Month,Month Code,week,Initial Claims,Disclosure Code,Pct. Change from Same,Disclosure Code
,,,,,,,,,Week Last Year,
"Adams County, IN",18,1,2020,March,3,10,,(D),,(D)
"Adams County, IN",18,1,2020,March,3,11,,(D),,(D)
"Adams County, IN",18,1,2020,March,3,12,156,,100.00%,
"Adams County, IN",18,1,2020,March,3,13,902,,100.00%,
"Allen County, IN",18,3,2020,March,3,10,108,,22.70%,
"Allen County, IN",18,3,2020,March,3,11,115,,16.20%,
"Allen County, IN",18,3,2020,March,3,12,"3,561",,3688.30%,
"Allen County, IN",18,3,2020,March,3,13,"9,950",,12992.10%,
"Bartholomew County, IN",18,5,2020,March,3,10,13,,18.20%,
"Bartholomew County, IN",18,5,2020,March,3,11,17,,-5.60%,
"Bartholomew County, IN",18,5,2020,March,3,12,690,,4500.00%,
"Bartholomew County, IN",18,5,2020,March,3,13,"1,525",,9431.30%,
"Benton County, IN",18,7,2020,March,3,10,,(D),,(D)
"Benton County, IN",18,7,2020,March,3,12,30,,100.00%,
"Benton County, IN",18,7,2020,March,3,13,94,,100.00%,
"Blackford County, IN",18,9,2020,March,3,10,,(D),,(D)
"Blackford County, IN",18,9,2020,March,3,11,,(D),,(D)
"Blackford County, IN",18,9,2020,March,3,12,90,,100.00%,
"Blackford County, IN",18,9,2020,March,3,13,261,,100.00%,
"Boone County, IN",18,11,2020,March,3,10,21,,100.00%,
"Boone County, IN",18,11,2020,March,3,11,14,,7.70%,
"Boone County, IN",18,11,2020,March,3,12,358,,100.00%,
"Boone County, IN",18,11,2020,March,3,13,599,,3643.80%,
"Brown County, IN",18,13,2020,March,3,10,,(D),,(D)
"Brown County, IN",18,13,2020,March,3,11,,(D),,(D)
"Brown County, IN",18,13,2020,March,3,12,110,,100.00%,
"Brown County, IN",18,13,2020,March,3,13,236,,100.00%,
"Carroll County, IN",18,15,2020,March,3,10,,(D),,(D)
"Carroll County, IN",18,15,2020,March,3,11,,(D),,(D)
"Carroll County, IN",18,15,2020,March,3,12,88,,100.00%,
"Carroll County, IN",18,15,2020,March,3,13,252,,100.00%,
"Cass County, IN",18,17,2020,March,3,10,12,,-25.00%,
"Cass County, IN",18,17,2020,March,3,11,22,,69.20%,
"Cass County, IN",18,17,2020,March,3,12,233,,1194.40%,
"Cass County, IN",18,17,2020,March,3,13,646,,2484.00%,
"Clark County, IN",18,19,2020,March,3,10,29,,61.10%,
"Clark County, IN",18,19,2020,March,3,11,65,,282.40%,
"Clark County, IN",18,19,2020,March,3,12,"1,208",,9966.70%,
"Clark County, IN",18,19,2020,March,3,13,"2,056",,14585.70%,
"Clay County, IN",18,21,2020,March,3,10,15,,100.00%,
"Clay County, IN",18,21,2020,March,3,11,,(D),,(D)
"Clay County, IN",18,21,2020,March,3,12,156,,100.00%,
"Clay County, IN",18,21,2020,March,3,13,302,,2645.50%,
"Clinton County, IN",18,23,2020,March,3,10,,(D),,(D)
"Clinton County, IN",18,23,2020,March,3,11,,(D),,(D)
"Clinton County, IN",18,23,2020,March,3,12,156,,100.00%,
"Clinton County, IN",18,23,2020,March,3,13,496,,100.00%,
"Crawford County, IN",18,25,2020,March,3,11,,(D),,(D)
"Crawford County, IN",18,25,2020,March,3,12,59,,100.00%,
"Crawford County, IN",18,25,2020,March,3,13,172,,100.00%,
"Daviess County, IN",18,27,2020,March,3,10,,(D),,(D)
"Daviess County, IN",18,27,2020,March,3,11,,(D),,(D)
"Daviess County, IN",18,27,2020,March,3,12,115,,100.00%,
"Daviess County, IN",18,27,2020,March,3,13,273,,100.00%,
"Dearborn County, IN",18,29,2020,March,3,10,,(D),,(D)
"Dearborn County, IN",18,29,2020,March,3,11,17,,100.00%,
"Dearborn County, IN",18,29,2020,March,3,12,302,,100.00%,
"Dearborn County, IN",18,29,2020,March,3,13,411,,100.00%,
"Decatur County, IN",18,31,2020,March,3,10,,(D),,(D)
"Decatur County, IN",18,31,2020,March,3,11,,(D),,(D)
"Decatur County, IN",18,31,2020,March,3,12,240,,100.00%,
"Decatur County, IN",18,31,2020,March,3,13,629,,100.00%,
"DeKalb County, IN",18,33,2020,March,3,10,,(D),,(D)
"DeKalb County, IN",18,33,2020,March,3,11,11,,100.00%,
"DeKalb County, IN",18,33,2020,March,3,12,382,,100.00%,
"DeKalb County, IN",18,33,2020,March,3,13,"1,366",,100.00%,
"Delaware County, IN",18,35,2020,March,3,10,47,,56.70%,
"Delaware County, IN",18,35,2020,March,3,11,24,,,
"Delaware County, IN",18,35,2020,March,3,12,"1,010",,4490.90%,
"Delaware County, IN",18,35,2020,March,3,13,"2,148",,7571.40%,
"Dubois County, IN",18,37,2020,March,3,10,,(D),,(D)
"Dubois County, IN",18,37,2020,March,3,11,,(D),,(D)
"Dubois County, IN",18,37,2020,March,3,12,158,,100.00%,
"Dubois County, IN",18,37,2020,March,3,13,533,,100.00%,
"Elkhart County, IN",18,39,2020,March,3,10,81,,-37.20%,
"Elkhart County, IN",18,39,2020,March,3,11,50,,-32.40%,
"Elkhart County, IN",18,39,2020,March,3,12,"1,052",,1056.00%,
"Elkhart County, IN",18,39,2020,March,3,13,"9,844",,10837.80%,
"Fayette County, IN",18,41,2020,March,3,10,,(D),,(D)
"Fayette County, IN",18,41,2020,March,3,11,35,,100.00%,
"Fayette County, IN",18,41,2020,March,3,12,183,,1730.00%,
"Fayette County, IN",18,41,2020,March,3,13,444,,100.00%,
"Floyd County, IN",18,43,2020,March,3,10,14,,100.00%,
"Floyd County, IN",18,43,2020,March,3,11,13,,100.00%,
"Floyd County, IN",18,43,2020,March,3,12,742,,100.00%,
"Floyd County, IN",18,43,2020,March,3,13,"1,228",,12180.00%,
"Fountain County, IN",18,45,2020,March,3,10,,(D),,(D)
"Fountain County, IN",18,45,2020,March,3,11,,(D),,(D)
"Fountain County, IN",18,45,2020,March,3,12,109,,100.00%,
"Fountain County, IN",18,45,2020,March,3,13,292,,100.00%,
"Franklin County, IN",18,47,2020,March,3,10,,(D),,(D)
"Franklin County, IN",18,47,2020,March,3,11,,(D),,(D)
"Franklin County, IN",18,47,2020,March,3,12,138,,100.00%,
"Franklin County, IN",18,47,2020,March,3,13,353,,100.00%,
"Fulton County, IN",18,49,2020,March,3,10,,(D),,(D)
"Fulton County, IN",18,49,2020,March,3,11,,(D),,(D)
"Fulton County, IN",18,49,2020,March,3,12,115,,100.00%,
"Fulton County, IN",18,49,2020,March,3,13,320,,2809.10%,
"Gibson County, IN",18,51,2020,March,3,10,10,,-9.10%,
"Gibson County, IN",18,51,2020,March,3,11,11,,100.00%,
"Gibson County, IN",18,51,2020,March,3,12,281,,100.00%,
"Gibson County, IN",18,51,2020,March,3,13,666,,100.00%,
"Grant County, IN",18,53,2020,March,3,10,26,,18.20%,
"Grant County, IN",18,53,2020,March,3,11,28,,47.40%,
"Grant County, IN",18,53,2020,March,3,12,457,,1977.30%,
"Grant County, IN",18,53,2020,March,3,13,"1,091",,5095.20%,
"Greene County, IN",18,55,2020,March,3,10,,(D),,(D)
"Greene County, IN",18,55,2020,March,3,11,16,,-5.90%,
"Greene County, IN",18,55,2020,March,3,12,113,,100.00%,
"Greene County, IN",18,55,2020,March,3,13,274,,100.00%,
"Hamilton County, IN",18,57,2020,March,3,10,52,,-14.80%,
"Hamilton County, IN",18,57,2020,March,3,11,83,,29.70%,
"Hamilton County, IN",18,57,2020,March,3,12,"2,247",,3985.50%,
"Hamilton County, IN",18,57,2020,March,3,13,"3,554",,6868.60%,
"Hancock County, IN",18,59,2020,March,3,10,13,,-51.90%,
"Hancock County, IN",18,59,2020,March,3,11,19,,11.80%,
"Hancock County, IN",18,59,2020,March,3,12,634,,3236.80%,
"Hancock County, IN",18,59,2020,March,3,13,"1,060",,7471.40%,
"Harrison County, IN",18,61,2020,March,3,10,,(D),,(D)
"Harrison County, IN",18,61,2020,March,3,11,12,,100.00%,
"Harrison County, IN",18,61,2020,March,3,12,308,,100.00%,
"Harrison County, IN",18,61,2020,March,3,13,686,,5616.70%,
"Hendricks County, IN",18,63,2020,March,3,10,35,,-5.40%,
"Hendricks County, IN",18,63,2020,March,3,11,25,,4.20%,
"Hendricks County, IN",18,63,2020,March,3,12,962,,3335.70%,
"Hendricks County, IN",18,63,2020,March,3,13,"1,532",,5792.30%,
"Henry County, IN",18,65,2020,March,3,10,10,,-9.10%,
"Henry County, IN",18,65,2020,March,3,11,14,,100.00%,
"Henry County, IN",18,65,2020,March,3,12,318,,2790.90%,
"Henry County, IN",18,65,2020,March,3,13,859,,7058.30%,
"Howard County, IN",18,67,2020,March,3,10,27,,-20.60%,
"Howard County, IN",18,67,2020,March,3,11,120,,400.00%,
"Howard County, IN",18,67,2020,March,3,12,"1,512",,1916.00%,
"Howard County, IN",18,67,2020,March,3,13,"4,579",,2854.20%,
"Huntington County, IN",18,69,2020,March,3,10,13,,100.00%,
"Huntington County, IN",18,69,2020,March,3,11,12,,-14.30%,
"Huntington County, IN",18,69,2020,March,3,12,304,,100.00%,
"Huntington County, IN",18,69,2020,March,3,13,"1,180",,10627.30%,
"Jackson County, IN",18,71,2020,March,3,10,,(D),,(D)
"Jackson County, IN",18,71,2020,March,3,11,,(D),,(D)
"Jackson County, IN",18,71,2020,March,3,12,299,,2890.00%,
"Jackson County, IN",18,71,2020,March,3,13,"1,063",,7492.90%,
"Jasper County, IN",18,73,2020,March,3,10,12,,-25.00%,
"Jasper County, IN",18,73,2020,March,3,11,21,,90.90%,
"Jasper County, IN",18,73,2020,March,3,12,235,,1578.60%,
"Jasper County, IN",18,73,2020,March,3,13,394,,100.00%,
"Jay County, IN",18,75,2020,March,3,10,,(D),,(D)
"Jay County, IN",18,75,2020,March,3,11,,(D),,(D)
"Jay County, IN",18,75,2020,March,3,12,98,,100.00%,
"Jay County, IN",18,75,2020,March,3,13,351,,100.00%,
"Jefferson County, IN",18,77,2020,March,3,10,13,,100.00%,
"Jefferson County, IN",18,77,2020,March,3,11,,(D),,(D)
"Jefferson County, IN",18,77,2020,March,3,12,305,,100.00%,
"Jefferson County, IN",18,77,2020,March,3,13,670,,100.00%,
"Jennings County, IN",18,79,2020,March,3,10,,(D),,(D)
"Jennings County, IN",18,79,2020,March,3,11,,(D),,(D)
"Jennings County, IN",18,79,2020,March,3,12,217,,100.00%,
"Jennings County, IN",18,79,2020,March,3,13,801,,100.00%,
"Johnson County, IN",18,81,2020,March,3,10,46,,39.40%,
"Johnson County, IN",18,81,2020,March,3,11,31,,-6.10%,
"Johnson County, IN",18,81,2020,March,3,12,"1,440",,6160.90%,
"Johnson County, IN",18,81,2020,March,3,13,"2,266",,6374.30%,
"Knox County, IN",18,83,2020,March,3,10,,(D),,(D)
"Knox County, IN",18,83,2020,March,3,11,10,,100.00%,
"Knox County, IN",18,83,2020,March,3,12,296,,100.00%,
"Knox County, IN",18,83,2020,March,3,13,614,,100.00%,
"Kosciusko County, IN",18,85,2020,March,3,10,35,,-16.70%,
"Kosciusko County, IN",18,85,2020,March,3,11,41,,36.70%,
"Kosciusko County, IN",18,85,2020,March,3,12,468,,1237.10%,
"Kosciusko County, IN",18,85,2020,March,3,13,"1,945",,7380.80%,
"LaGrange County, IN",18,87,2020,March,3,10,,(D),,(D)
"LaGrange County, IN",18,87,2020,March,3,11,,(D),,(D)
"LaGrange County, IN",18,87,2020,March,3,12,129,,100.00%,
"LaGrange County, IN",18,87,2020,March,3,13,"1,484",,100.00%,
"Lake County, IN",18,89,2020,March,3,10,204,,-62.40%,
"Lake County, IN",18,89,2020,March,3,11,175,,-15.00%,
"Lake County, IN",18,89,2020,March,3,12,"3,820",,1810.00%,
"Lake County, IN",18,89,2020,March,3,13,"6,414",,4119.70%,
"LaPorte County, IN",18,91,2020,March,3,10,45,,-35.70%,
"LaPorte County, IN",18,91,2020,March,3,11,61,,48.80%,
"LaPorte County, IN",18,91,2020,March,3,12,977,,2282.90%,
"LaPorte County, IN",18,91,2020,March,3,13,"1,451",,4434.40%,
"Lawrence County, IN",18,93,2020,March,3,10,10,,-33.30%,
"Lawrence County, IN",18,93,2020,March,3,11,13,,100.00%,
"Lawrence County, IN",18,93,2020,March,3,12,308,,100.00%,
"Lawrence County, IN",18,93,2020,March,3,13,"1,014",,7700.00%,
"Madison County, IN",18,95,2020,March,3,10,36,,80.00%,
"Madison County, IN",18,95,2020,March,3,11,42,,16.70%,
"Madison County, IN",18,95,2020,March,3,12,"1,135",,3238.20%,
"Madison County, IN",18,95,2020,March,3,13,"2,442",,7300.00%,
"Marion County, IN",18,97,2020,March,3,10,298,,-14.90%,
"Marion County, IN",18,97,2020,March,3,11,425,,39.80%,
"Marion County, IN",18,97,2020,March,3,12,"10,173",,3291.00%,
"Marion County, IN",18,97,2020,March,3,13,"13,546",,5110.00%,
"Marshall County, IN",18,99,2020,March,3,10,19,,90.00%,
"Marshall County, IN",18,99,2020,March,3,11,17,,100.00%,
"Marshall County, IN",18,99,2020,March,3,12,201,,100.00%,
"Marshall County, IN",18,99,2020,March,3,13,"1,044",,100.00%,
"Martin County, IN",18,101,2020,March,3,10,,(D),,(D)
"Martin County, IN",18,101,2020,March,3,11,,(D),,(D)
"Martin County, IN",18,101,2020,March,3,12,31,,,
"Martin County, IN",18,101,2020,March,3,13,117,,100.00%,
"Miami County, IN",18,103,2020,March,3,10,16,,23.10%,
"Miami County, IN",18,103,2020,March,3,11,23,,130.00%,
"Miami County, IN",18,103,2020,March,3,12,279,,771.90%,
"Miami County, IN",18,103,2020,March,3,13,"1,022",,3093.80%,
"Monroe County, IN",18,105,2020,March,3,10,21,,,
"Monroe County, IN",18,105,2020,March,3,11,18,,28.60%,
"Monroe County, IN",18,105,2020,March,3,12,934,,5737.50%,
"Monroe County, IN",18,105,2020,March,3,13,"1,627",,9470.60%,
"Montgomery County, IN",18,107,2020,March,3,10,11,,-8.30%,
"Montgomery County, IN",18,107,2020,March,3,11,,(D),,(D)
"Montgomery County, IN",18,107,2020,March,3,12,202,,1920.00%,
"Montgomery County, IN",18,107,2020,March,3,13,416,,100.00%,
"Morgan County, IN",18,109,2020,March,3,10,16,,-33.30%,
"Morgan County, IN",18,109,2020,March,3,11,25,,19.00%,
"Morgan County, IN",18,109,2020,March,3,12,536,,2452.40%,
"Morgan County, IN",18,109,2020,March,3,13,908,,4678.90%,
"Newton County, IN",18,111,2020,March,3,10,,(D),,(D)
"Newton County, IN",18,111,2020,March,3,11,,(D),,(D)
"Newton County, IN",18,111,2020,March,3,12,54,,100.00%,
"Newton County, IN",18,111,2020,March,3,13,117,,100.00%,
"Noble County, IN",18,113,2020,March,3,10,10,,-61.50%,
"Noble County, IN",18,113,2020,March,3,11,10,,-44.40%,
"Noble County, IN",18,113,2020,March,3,12,300,,1204.30%,
"Noble County, IN",18,113,2020,March,3,13,"2,328",,11540.00%,
"Ohio County, IN",18,115,2020,March,3,11,,(D),,(D)
"Ohio County, IN",18,115,2020,March,3,12,56,,100.00%,
"Ohio County, IN",18,115,2020,March,3,13,101,,,
"Orange County, IN",18,117,2020,March,3,10,,(D),,(D)
"Orange County, IN",18,117,2020,March,3,11,,(D),,(D)
"Orange County, IN",18,117,2020,March,3,12,199,,100.00%,
"Orange County, IN",18,117,2020,March,3,13,641,,100.00%,
"Owen County, IN",18,119,2020,March,3,10,,(D),,(D)
"Owen County, IN",18,119,2020,March,3,11,,(D),,(D)
"Owen County, IN",18,119,2020,March,3,12,80,,100.00%,
"Owen County, IN",18,119,2020,March,3,13,213,,100.00%,
"Parke County, IN",18,121,2020,March,3,10,,(D),,(D)
"Parke County, IN",18,121,2020,March,3,11,,(D),,(D)
"Parke County, IN",18,121,2020,March,3,12,46,,100.00%,
"Parke County, IN",18,121,2020,March,3,13,136,,100.00%,
"Perry County, IN",18,123,2020,March,3,10,,(D),,(D)
"Perry County, IN",18,123,2020,March,3,12,100,,100.00%,
"Perry County, IN",18,123,2020,March,3,13,277,,100.00%,
"Pike County, IN",18,125,2020,March,3,10,,(D),,(D)
"Pike County, IN",18,125,2020,March,3,11,,(D),,(D)
"Pike County, IN",18,125,2020,March,3,12,51,,100.00%,
"Pike County, IN",18,125,2020,March,3,13,156,,100.00%,
"Porter County, IN",18,127,2020,March,3,10,69,,-36.10%,
"Porter County, IN",18,127,2020,March,3,11,74,,39.60%,
"Porter County, IN",18,127,2020,March,3,12,"1,547",,2994.00%,
"Porter County, IN",18,127,2020,March,3,13,"2,437",,5702.40%,
"Posey County, IN",18,129,2020,March,3,10,,(D),,(D)
"Posey County, IN",18,129,2020,March,3,11,,(D),,(D)
"Posey County, IN",18,129,2020,March,3,12,137,,100.00%,
"Posey County, IN",18,129,2020,March,3,13,252,,100.00%,
"Pulaski County, IN",18,131,2020,March,3,10,,(D),,(D)
"Pulaski County, IN",18,131,2020,March,3,11,,(D),,(D)
"Pulaski County, IN",18,131,2020,March,3,12,46,,100.00%,
"Pulaski County, IN",18,131,2020,March,3,13,94,,100.00%,
"Putnam County, IN",18,133,2020,March,3,10,10,,-44.40%,
"Putnam County, IN",18,133,2020,March,3,11,,(D),,(D)
"Putnam County, IN",18,133,2020,March,3,12,164,,100.00%,
"Putnam County, IN",18,133,2020,March,3,13,433,,100.00%,
"Randolph County, IN",18,135,2020,March,3,10,,(D),,(D)
"Randolph County, IN",18,135,2020,March,3,11,,(D),,(D)
"Randolph County, IN",18,135,2020,March,3,12,120,,100.00%,
"Randolph County, IN",18,135,2020,March,3,13,372,,100.00%,
"Ripley County, IN",18,137,2020,March,3,10,,(D),,(D)
"Ripley County, IN",18,137,2020,March,3,12,130,,100.00%,
"Ripley County, IN",18,137,2020,March,3,13,337,,100.00%,
"Rush County, IN",18,139,2020,March,3,10,,(D),,(D)
"Rush County, IN",18,139,2020,March,3,11,,(D),,(D)
"Rush County, IN",18,139,2020,March,3,12,103,,100.00%,
"Rush County, IN",18,139,2020,March,3,13,318,,100.00%,
"St. Joseph County, IN",18,141,2020,March,3,10,110,,37.50%,
"St. Joseph County, IN",18,141,2020,March,3,11,113,,24.20%,
"St. Joseph County, IN",18,141,2020,March,3,12,"2,422",,2890.10%,
"St. Joseph County, IN",18,141,2020,March,3,13,"6,089",,6177.30%,
"Scott County, IN",18,143,2020,March,3,10,11,,100.00%,
"Scott County, IN",18,143,2020,March,3,11,,(D),,(D)
"Scott County, IN",18,143,2020,March,3,12,226,,100.00%,
"Scott County, IN",18,143,2020,March,3,13,666,,100.00%,
"Shelby County, IN",18,145,2020,March,3,10,14,,16.70%,
"Shelby County, IN",18,145,2020,March,3,11,17,,21.40%,
"Shelby County, IN",18,145,2020,March,3,12,444,,3600.00%,
"Shelby County, IN",18,145,2020,March,3,13,887,,100.00%,
"Spencer County, IN",18,147,2020,March,3,10,,(D),,(D)
"Spencer County, IN",18,147,2020,March,3,11,,(D),,(D)
"Spencer County, IN",18,147,2020,March,3,12,85,,100.00%,
"Spencer County, IN",18,147,2020,March,3,13,225,,100.00%,
"Starke County, IN",18,149,2020,March,3,10,15,,36.40%,
"Starke County, IN",18,149,2020,March,3,11,,(D),,(D)
"Starke County, IN",18,149,2020,March,3,12,143,,100.00%,
"Starke County, IN",18,149,2020,March,3,13,306,,2960.00%,
"Steuben County, IN",18,151,2020,March,3,10,11,,-8.30%,
"Steuben County, IN",18,151,2020,March,3,11,,(D),,(D)
"Steuben County, IN",18,151,2020,March,3,12,268,,100.00%,
"Steuben County, IN",18,151,2020,March,3,13,"1,024",,100.00%,
"Sullivan County, IN",18,153,2020,March,3,10,,(D),,(D)
"Sullivan County, IN",18,153,2020,March,3,11,,(D),,(D)
"Sullivan County, IN",18,153,2020,March,3,12,110,,1000.00%,
"Sullivan County, IN",18,153,2020,March,3,13,222,,100.00%,
"Switzerland County, IN",18,155,2020,March,3,10,,(D),,(D)
"Switzerland County, IN",18,155,2020,March,3,11,,(D),,
"Switzerland County, IN",18,155,2020,March,3,12,97,,,
"Switzerland County, IN",18,155,2020,March,3,13,140,,,
"Tippecanoe County, IN",18,157,2020,March,3,10,44,,69.20%,
"Tippecanoe County, IN",18,157,2020,March,3,11,55,,111.50%,
"Tippecanoe County, IN",18,157,2020,March,3,12,"1,126",,4230.80%,
"Tippecanoe County, IN",18,157,2020,March,3,13,"2,238",,13064.70%,
"Tipton County, IN",18,159,2020,March,3,11,,(D),,(D)
"Tipton County, IN",18,159,2020,March,3,12,145,,100.00%,
"Tipton County, IN",18,159,2020,March,3,13,510,,5000.00%,
"Union County, IN",18,161,2020,March,3,10,,(D),,(D)
"Union County, IN",18,161,2020,March,3,11,,(D),,(D)
"Union County, IN",18,161,2020,March,3,12,33,,100.00%,
"Union County, IN",18,161,2020,March,3,13,74,,,
"Vanderburgh County, IN",18,163,2020,March,3,10,64,,12.30%,
"Vanderburgh County, IN",18,163,2020,March,3,11,83,,80.40%,
"Vanderburgh County, IN",18,163,2020,March,3,12,"1,808",,3187.30%,
"Vanderburgh County, IN",18,163,2020,March,3,13,"2,997",,6276.60%,
"Vermillion County, IN",18,165,2020,March,3,10,,(D),,(D)
"Vermillion County, IN",18,165,2020,March,3,11,,(D),,(D)
"Vermillion County, IN",18,165,2020,March,3,12,67,,100.00%,
"Vermillion County, IN",18,165,2020,March,3,13,165,,100.00%,
"Vigo County, IN",18,167,2020,March,3,10,38,,-15.60%,
"Vigo County, IN",18,167,2020,March,3,11,29,,-12.10%,
"Vigo County, IN",18,167,2020,March,3,12,892,,3203.70%,
"Vigo County, IN",18,167,2020,March,3,13,"1,506",,9312.50%,
"Wabash County, IN",18,169,2020,March,3,10,10,,100.00%,
"Wabash County, IN",18,169,2020,March,3,11,11,,100.00%,
"Wabash County, IN",18,169,2020,March,3,12,211,,100.00%,
"Wabash County, IN",18,169,2020,March,3,13,512,,100.00%,
"Warren County, IN",18,171,2020,March,3,11,,(D),,
"Warren County, IN",18,171,2020,March,3,12,26,,100.00%,
"Warren County, IN",18,171,2020,March,3,13,53,,100.00%,
"Warrick County, IN",18,173,2020,March,3,10,14,,-36.40%,
"Warrick County, IN",18,173,2020,March,3,11,21,,40.00%,
"Warrick County, IN",18,173,2020,March,3,12,368,,2353.30%,
"Warrick County, IN",18,173,2020,March,3,13,824,,8140.00%,
"Washington County, IN",18,175,2020,March,3,10,11,,100.00%,
"Washington County, IN",18,175,2020,March,3,11,14,,100.00%,
"Washington County, IN",18,175,2020,March,3,12,268,,100.00%,
"Washington County, IN",18,175,2020,March,3,13,619,,100.00%,
"Wayne County, IN",18,177,2020,March,3,10,29,,52.60%,
"Wayne County, IN",18,177,2020,March,3,11,22,,46.70%,
"Wayne County, IN",18,177,2020,March,3,12,623,,5091.70%,
"Wayne County, IN",18,177,2020,March,3,13,907,,5946.70%,
"Wells County, IN",18,179,2020,March,3,10,10,,100.00%,
"Wells County, IN",18,179,2020,March,3,11,,(D),,(D)
"Wells County, IN",18,179,2020,March,3,12,125,,100.00%,
"Wells County, IN",18,179,2020,March,3,13,578,,100.00%,
"White County, IN",18,181,2020,March,3,10,13,,100.00%,
"White County, IN",18,181,2020,March,3,11,10,,-16.70%,
"White County, IN",18,181,2020,March,3,12,118,,100.00%,
"White County, IN",18,181,2020,March,3,13,356,,100.00%,
"Whitley County, IN",18,183,2020,March,3,10,10,,100.00%,
"Whitley County, IN",18,183,2020,March,3,11,17,,100.00%,
"Whitley County, IN",18,183,2020,March,3,12,210,,100.00%,
"Whitley County, IN",18,183,2020,March,3,13,819,,100.00%,
Geography,State Fips,County Fips,Year,Month,Month Code,week,Initial Claims,Disclosure Code,Pct. Change from Same,Disclosure Code
,,,,,,,,,Week Last Year,
"Adams County, IN",18,1,2020,February,2,5,,(D),,(D)
"Adams County, IN",18,1,2020,February,2,6,10,,100.00%,
"Adams County, IN",18,1,2020,February,2,7,13,,100.00%,
"Adams County, IN",18,1,2020,February,2,8,49,,100.00%,
"Adams County, IN",18,1,2020,February,2,9,11,,10.00%,
"Allen County, IN",18,3,2020,February,2,5,137,,-8.70%,
"Allen County, IN",18,3,2020,February,2,6,156,,24.80%,
"Allen County, IN",18,3,2020,February,2,7,196,,66.10%,
"Allen County, IN",18,3,2020,February,2,8,424,,311.70%,
"Allen County, IN",18,3,2020,February,2,9,157,,80.50%,
"Bartholomew County, IN",18,5,2020,February,2,5,27,,17.40%,
"Bartholomew County, IN",18,5,2020,February,2,6,26,,4.00%,
"Bartholomew County, IN",18,5,2020,February,2,7,18,,38.50%,
"Bartholomew County, IN",18,5,2020,February,2,8,25,,-16.70%,
"Bartholomew County, IN",18,5,2020,February,2,9,14,,-22.20%,
"Benton County, IN",18,7,2020,February,2,5,,(D),,(D)
"Benton County, IN",18,7,2020,February,2,6,,(D),,(D)
"Benton County, IN",18,7,2020,February,2,7,,(D),,(D)
"Benton County, IN",18,7,2020,February,2,8,,(D),,(D)
"Benton County, IN",18,7,2020,February,2,9,,(D),,(D)
"Blackford County, IN",18,9,2020,February,2,5,,(D),,(D)
"Blackford County, IN",18,9,2020,February,2,6,,(D),,(D)
"Blackford County, IN",18,9,2020,February,2,7,,(D),,(D)
"Blackford County, IN",18,9,2020,February,2,8,,(D),,(D)
"Blackford County, IN",18,9,2020,February,2,9,,(D),,(D)
"Boone County, IN",18,11,2020,February,2,5,27,,28.60%,
"Boone County, IN",18,11,2020,February,2,6,,(D),,(D)
"Boone County, IN",18,11,2020,February,2,7,19,,58.30%,
"Boone County, IN",18,11,2020,February,2,8,12,,,
"Boone County, IN",18,11,2020,February,2,9,14,,7.70%,
"Brown County, IN",18,13,2020,February,2,5,,(D),,(D)
"Brown County, IN",18,13,2020,February,2,6,10,,100.00%,
"Brown County, IN",18,13,2020,February,2,7,,(D),,(D)
"Brown County, IN",18,13,2020,February,2,8,,(D),,(D)
"Brown County, IN",18,13,2020,February,2,9,,(D),,(D)
"Carroll County, IN",18,15,2020,February,2,5,,(D),,(D)
"Carroll County, IN",18,15,2020,February,2,6,,(D),,(D)
"Carroll County, IN",18,15,2020,February,2,7,,(D),,(D)
"Carroll County, IN",18,15,2020,February,2,8,,(D),,(D)
"Carroll County, IN",18,15,2020,February,2,9,,(D),,(D)
"Cass County, IN",18,17,2020,February,2,5,22,,4.80%,
"Cass County, IN",18,17,2020,February,2,6,12,,-7.70%,
"Cass County, IN",18,17,2020,February,2,7,20,,100.00%,
"Cass County, IN",18,17,2020,February,2,8,12,,-40.00%,
"Cass County, IN",18,17,2020,February,2,9,12,,-29.40%,
"Clark County, IN",18,19,2020,February,2,5,41,,36.70%,
"Clark County, IN",18,19,2020,February,2,6,35,,25.00%,
"Clark County, IN",18,19,2020,February,2,7,35,,34.60%,
"Clark County, IN",18,19,2020,February,2,8,26,,23.80%,
"Clark County, IN",18,19,2020,February,2,9,31,,40.90%,
"Clay County, IN",18,21,2020,February,2,5,14,,-6.70%,
"Clay County, IN",18,21,2020,February,2,6,,(D),,(D)
"Clay County, IN",18,21,2020,February,2,7,12,,,
"Clay County, IN",18,21,2020,February,2,8,12,,-25.00%,
"Clay County, IN",18,21,2020,February,2,9,12,,-73.90%,
"Clinton County, IN",18,23,2020,February,2,5,11,,10.00%,
"Clinton County, IN",18,23,2020,February,2,6,,(D),,(D)
"Clinton County, IN",18,23,2020,February,2,7,12,,100.00%,
"Clinton County, IN",18,23,2020,February,2,8,,(D),,(D)
"Clinton County, IN",18,23,2020,February,2,9,,(D),,(D)
"Crawford County, IN",18,25,2020,February,2,5,,(D),,(D)
"Crawford County, IN",18,25,2020,February,2,6,,(D),,(D)
"Crawford County, IN",18,25,2020,February,2,7,,(D),,(D)
"Crawford County, IN",18,25,2020,February,2,8,,(D),,
"Crawford County, IN",18,25,2020,February,2,9,,(D),,(D)
"Daviess County, IN",18,27,2020,February,2,5,,(D),,(D)
"Daviess County, IN",18,27,2020,February,2,6,,(D),,(D)
"Daviess County, IN",18,27,2020,February,2,7,,(D),,(D)
"Daviess County, IN",18,27,2020,February,2,8,15,,100.00%,
"Daviess County, IN",18,27,2020,February,2,9,,(D),,(D)
"Dearborn County, IN",18,29,2020,February,2,5,17,,30.80%,
"Dearborn County, IN",18,29,2020,February,2,6,14,,100.00%,
"Dearborn County, IN",18,29,2020,February,2,7,,(D),,(D)
"Dearborn County, IN",18,29,2020,February,2,8,12,,100.00%,
"Dearborn County, IN",18,29,2020,February,2,9,11,,100.00%,
"Decatur County, IN",18,31,2020,February,2,5,11,,,
"Decatur County, IN",18,31,2020,February,2,6,12,,100.00%,
"Decatur County, IN",18,31,2020,February,2,7,,(D),,(D)
"Decatur County, IN",18,31,2020,February,2,8,16,,100.00%,
"Decatur County, IN",18,31,2020,February,2,9,,(D),,(D)
"DeKalb County, IN",18,33,2020,February,2,5,12,,-20.00%,
"DeKalb County, IN",18,33,2020,February,2,6,15,,-16.70%,
"DeKalb County, IN",18,33,2020,February,2,7,23,,,
"DeKalb County, IN",18,33,2020,February,2,8,39,,100.00%,
"DeKalb County, IN",18,33,2020,February,2,9,22,,69.20%,
"Delaware County, IN",18,35,2020,February,2,5,57,,-14.90%,
"Delaware County, IN",18,35,2020,February,2,6,47,,17.50%,
"Delaware County, IN",18,35,2020,February,2,7,51,,13.30%,
"Delaware County, IN",18,35,2020,February,2,8,42,,40.00%,
"Delaware County, IN",18,35,2020,February,2,9,37,,32.10%,
"Dubois County, IN",18,37,2020,February,2,5,14,,-12.50%,
"Dubois County, IN",18,37,2020,February,2,6,10,,-41.20%,
"Dubois County, IN",18,37,2020,February,2,7,23,,53.30%,
"Dubois County, IN",18,37,2020,February,2,8,14,,-17.60%,
"Dubois County, IN",18,37,2020,February,2,9,,(D),,(D)
"Elkhart County, IN",18,39,2020,February,2,5,87,,-43.90%,
"Elkhart County, IN",18,39,2020,February,2,6,59,,-77.90%,
"Elkhart County, IN",18,39,2020,February,2,7,64,,-9.90%,
"Elkhart County, IN",18,39,2020,February,2,8,82,,9.30%,
"Elkhart County, IN",18,39,2020,February,2,9,70,,-41.70%,
"Fayette County, IN",18,41,2020,February,2,5,,(D),,(D)
"Fayette County, IN",18,41,2020,February,2,6,22,,100.00%,
"Fayette County, IN",18,41,2020,February,2,7,,(D),,(D)
"Fayette County, IN",18,41,2020,February,2,8,,(D),,(D)
"Fayette County, IN",18,41,2020,February,2,9,,(D),,(D)
"Floyd County, IN",18,43,2020,February,2,5,21,,31.30%,
"Floyd County, IN",18,43,2020,February,2,6,17,,21.40%,
"Floyd County, IN",18,43,2020,February,2,7,24,,100.00%,
"Floyd County, IN",18,43,2020,February,2,8,23,,100.00%,
"Floyd County, IN",18,43,2020,February,2,9,13,,100.00%,
"Fountain County, IN",18,45,2020,February,2,5,,(D),,(D)
"Fountain County, IN",18,45,2020,February,2,7,,(D),,(D)
"Fountain County, IN",18,45,2020,February,2,8,,(D),,(D)
"Fountain County, IN",18,45,2020,February,2,9,,(D),,(D)
"Franklin County, IN",18,47,2020,February,2,5,33,,37.50%,
"Franklin County, IN",18,47,2020,February,2,6,12,,20.00%,
"Franklin County, IN",18,47,2020,February,2,7,13,,100.00%,
"Franklin County, IN",18,47,2020,February,2,8,15,,100.00%,
"Franklin County, IN",18,47,2020,February,2,9,,(D),,(D)
"Fulton County, IN",18,49,2020,February,2,5,,(D),,(D)
"Fulton County, IN",18,49,2020,February,2,6,,(D),,(D)
"Fulton County, IN",18,49,2020,February,2,7,11,,100.00%,
"Fulton County, IN",18,49,2020,February,2,8,,(D),,(D)
"Fulton County, IN",18,49,2020,February,2,9,,(D),,(D)
"Gibson County, IN",18,51,2020,February,2,5,18,,20.00%,
"Gibson County, IN",18,51,2020,February,2,6,14,,-33.30%,
"Gibson County, IN",18,51,2020,February,2,7,18,,5.90%,
"Gibson County, IN",18,51,2020,February,2,8,11,,-15.40%,
"Gibson County, IN",18,51,2020,February,2,9,,(D),,(D)
"Grant County, IN",18,53,2020,February,2,5,23,,,
"Grant County, IN",18,53,2020,February,2,6,30,,30.40%,
"Grant County, IN",18,53,2020,February,2,7,30,,20.00%,
"Grant County, IN",18,53,2020,February,2,8,19,,35.70%,
"Grant County, IN",18,53,2020,February,2,9,23,,64.30%,
"Greene County, IN",18,55,2020,February,2,5,24,,-17.20%,
"Greene County, IN",18,55,2020,February,2,6,20,,,
"Greene County, IN",18,55,2020,February,2,7,20,,53.80%,
"Greene County, IN",18,55,2020,February,2,8,15,,-6.30%,
"Greene County, IN",18,55,2020,February,2,9,11,,-8.30%,
"Hamilton County, IN",18,57,2020,February,2,5,61,,-3.20%,
"Hamilton County, IN",18,57,2020,February,2,6,69,,6.20%,
"Hamilton County, IN",18,57,2020,February,2,7,68,,21.40%,
"Hamilton County, IN",18,57,2020,February,2,8,51,,8.50%,
"Hamilton County, IN",18,57,2020,February,2,9,66,,32.00%,
"Hancock County, IN",18,59,2020,February,2,5,25,,-7.40%,
"Hancock County, IN",18,59,2020,February,2,6,27,,-30.80%,
"Hancock County, IN",18,59,2020,February,2,7,18,,-10.00%,
"Hancock County, IN",18,59,2020,February,2,8,24,,9.10%,
"Hancock County, IN",18,59,2020,February,2,9,23,,76.90%,
"Harrison County, IN",18,61,2020,February,2,5,15,,-25.00%,
"Harrison County, IN",18,61,2020,February,2,6,21,,100.00%,
"Harrison County, IN",18,61,2020,February,2,7,10,,100.00%,
"Harrison County, IN",18,61,2020,February,2,8,,(D),,(D)
"Harrison County, IN",18,61,2020,February,2,9,10,,100.00%,
"Hendricks County, IN",18,63,2020,February,2,5,38,,-17.40%,
"Hendricks County, IN",18,63,2020,February,2,6,41,,-24.10%,
"Hendricks County, IN",18,63,2020,February,2,7,29,,-19.40%,
"Hendricks County, IN",18,63,2020,February,2,8,21,,-48.80%,
"Hendricks County, IN",18,63,2020,February,2,9,25,,-19.40%,
"Henry County, IN",18,65,2020,February,2,5,20,,-13.00%,
"Henry County, IN",18,65,2020,February,2,6,20,,25.00%,
"Henry County, IN",18,65,2020,February,2,7,12,,-40.00%,
"Henry County, IN",18,65,2020,February,2,8,14,,-41.70%,
"Henry County, IN",18,65,2020,February,2,9,14,,16.70%,
"Howard County, IN",18,67,2020,February,2,5,32,,-17.90%,
"Howard County, IN",18,67,2020,February,2,6,31,,-3.10%,
"Howard County, IN",18,67,2020,February,2,7,30,,15.40%,
"Howard County, IN",18,67,2020,February,2,8,39,,34.50%,
"Howard County, IN",18,67,2020,February,2,9,34,,9.70%,
"Huntington County, IN",18,69,2020,February,2,5,27,,92.90%,
"Huntington County, IN",18,69,2020,February,2,6,14,,-39.10%,
"Huntington County, IN",18,69,2020,February,2,7,11,,-21.40%,
"Huntington County, IN",18,69,2020,February,2,8,20,,17.60%,
"Huntington County, IN",18,69,2020,February,2,9,10,,-47.40%,
"Jackson County, IN",18,71,2020,February,2,5,13,,-7.10%,
"Jackson County, IN",18,71,2020,February,2,6,13,,-35.00%,
"Jackson County, IN",18,71,2020,February,2,7,,(D),,(D)
"Jackson County, IN",18,71,2020,February,2,8,20,,100.00%,
"Jackson County, IN",18,71,2020,February,2,9,,(D),,(D)
"Jasper County, IN",18,73,2020,February,2,5,35,,40.00%,
"Jasper County, IN",18,73,2020,February,2,6,25,,-35.90%,
"Jasper County, IN",18,73,2020,February,2,7,17,,30.80%,
"Jasper County, IN",18,73,2020,February,2,8,26,,8.30%,
"Jasper County, IN",18,73,2020,February,2,9,16,,6.70%,
"Jay County, IN",18,75,2020,February,2,5,,(D),,(D)
"Jay County, IN",18,75,2020,February,2,6,,(D),,(D)
"Jay County, IN",18,75,2020,February,2,7,,(D),,(D)
"Jay County, IN",18,75,2020,February,2,8,,(D),,(D)
"Jay County, IN",18,75,2020,February,2,9,,(D),,(D)
"Jefferson County, IN",18,77,2020,February,2,5,,(D),,(D)
"Jefferson County, IN",18,77,2020,February,2,6,10,,100.00%,
"Jefferson County, IN",18,77,2020,February,2,7,,(D),,(D)
"Jefferson County, IN",18,77,2020,February,2,8,,(D),,(D)
"Jefferson County, IN",18,77,2020,February,2,9,,(D),,(D)
"Jennings County, IN",18,79,2020,February,2,5,,(D),,(D)
"Jennings County, IN",18,79,2020,February,2,6,,(D),,(D)
"Jennings County, IN",18,79,2020,February,2,7,,(D),,(D)
"Jennings County, IN",18,79,2020,February,2,8,11,,100.00%,
"Jennings County, IN",18,79,2020,February,2,9,,(D),,(D)
"Johnson County, IN",18,81,2020,February,2,5,43,,-29.50%,
"Johnson County, IN",18,81,2020,February,2,6,43,,-23.20%,
"Johnson County, IN",18,81,2020,February,2,7,45,,-16.70%,
"Johnson County, IN",18,81,2020,February,2,8,45,,40.60%,
"Johnson County, IN",18,81,2020,February,2,9,31,,-24.40%,
"Knox County, IN",18,83,2020,February,2,5,22,,100.00%,
"Knox County, IN",18,83,2020,February,2,6,11,,100.00%,
"Knox County, IN",18,83,2020,February,2,7,10,,100.00%,
"Knox County, IN",18,83,2020,February,2,8,,(D),,(D)
"Knox County, IN",18,83,2020,February,2,9,,(D),,(D)
"Kosciusko County, IN",18,85,2020,February,2,5,24,,-31.40%,
"Kosciusko County, IN",18,85,2020,February,2,6,57,,16.30%,
"Kosciusko County, IN",18,85,2020,February,2,7,19,,5.60%,
"Kosciusko County, IN",18,85,2020,February,2,8,24,,-7.70%,
"Kosciusko County, IN",18,85,2020,February,2,9,15,,-55.90%,
"LaGrange County, IN",18,87,2020,February,2,5,,(D),,(D)
"LaGrange County, IN",18,87,2020,February,2,6,,(D),,(D)
"LaGrange County, IN",18,87,2020,February,2,7,,(D),,(D)
"LaGrange County, IN",18,87,2020,February,2,8,17,,30.80%,
"LaGrange County, IN",18,87,2020,February,2,9,,(D),,(D)
"Lake County, IN",18,89,2020,February,2,5,253,,10.00%,
"Lake County, IN",18,89,2020,February,2,6,221,,-15.30%,
"Lake County, IN",18,89,2020,February,2,7,181,,-4.20%,
"Lake County, IN",18,89,2020,February,2,8,240,,35.60%,
"Lake County, IN",18,89,2020,February,2,9,218,,5.80%,
"LaPorte County, IN",18,91,2020,February,2,5,77,,-17.20%,
"LaPorte County, IN",18,91,2020,February,2,6,72,,-4.00%,
"LaPorte County, IN",18,91,2020,February,2,7,53,,10.40%,
"LaPorte County, IN",18,91,2020,February,2,8,59,,13.50%,
"LaPorte County, IN",18,91,2020,February,2,9,42,,-8.70%,
"Lawrence County, IN",18,93,2020,February,2,5,16,,-27.30%,
"Lawrence County, IN",18,93,2020,February,2,6,18,,5.90%,
"Lawrence County, IN",18,93,2020,February,2,7,16,,45.50%,
"Lawrence County, IN",18,93,2020,February,2,8,16,,33.30%,
"Lawrence County, IN",18,93,2020,February,2,9,,(D),,(D)
"Madison County, IN",18,95,2020,February,2,5,59,,-4.80%,
"Madison County, IN",18,95,2020,February,2,6,62,,5.10%,
"Madison County, IN",18,95,2020,February,2,7,51,,24.40%,
"Madison County, IN",18,95,2020,February,2,8,44,,7.30%,
"Madison County, IN",18,95,2020,February,2,9,42,,10.50%,
"Marion County, IN",18,97,2020,February,2,5,416,,-20.30%,
"Marion County, IN",18,97,2020,February,2,6,410,,-9.50%,
"Marion County, IN",18,97,2020,February,2,7,382,,-8.80%,
"Marion County, IN",18,97,2020,February,2,8,348,,-9.10%,
"Marion County, IN",18,97,2020,February,2,9,324,,4.50%,
"Marshall County, IN",18,99,2020,February,2,5,21,,,
"Marshall County, IN",18,99,2020,February,2,6,10,,-75.00%,
"Marshall County, IN",18,99,2020,February,2,7,16,,100.00%,
"Marshall County, IN",18,99,2020,February,2,8,17,,100.00%,
"Marshall County, IN",18,99,2020,February,2,9,11,,-31.30%,
"Martin County, IN",18,101,2020,February,2,5,,(D),,(D)
"Martin County, IN",18,101,2020,February,2,6,,(D),,(D)
"Martin County, IN",18,101,2020,February,2,7,,(D),,(D)
"Martin County, IN",18,101,2020,February,2,8,,(D),,(D)
"Martin County, IN",18,101,2020,February,2,9,,(D),,(D)
"Miami County, IN",18,103,2020,February,2,5,11,,100.00%,
"Miami County, IN",18,103,2020,February,2,6,19,,5.60%,
"Miami County, IN",18,103,2020,February,2,7,14,,-12.50%,
"Miami County, IN",18,103,2020,February,2,8,14,,-12.50%,
"Miami County, IN",18,103,2020,February,2,9,14,,27.30%,
"Monroe County, IN",18,105,2020,February,2,5,21,,-53.30%,
"Monroe County, IN",18,105,2020,February,2,6,36,,12.50%,
"Monroe County, IN",18,105,2020,February,2,7,22,,-8.30%,
"Monroe County, IN",18,105,2020,February,2,8,27,,58.80%,
"Monroe County, IN",18,105,2020,February,2,9,16,,-15.80%,
"Montgomery County, IN",18,107,2020,February,2,5,14,,-6.70%,
"Montgomery County, IN",18,107,2020,February,2,6,15,,50.00%,
"Montgomery County, IN",18,107,2020,February,2,7,,(D),,(D)
"Montgomery County, IN",18,107,2020,February,2,8,,(D),,(D)
"Montgomery County, IN",18,107,2020,February,2,9,,(D),,(D)
"Morgan County, IN",18,109,2020,February,2,5,31,,-11.40%,
"Morgan County, IN",18,109,2020,February,2,6,24,,-31.40%,
"Morgan County, IN",18,109,2020,February,2,7,22,,4.80%,
"Morgan County, IN",18,109,2020,February,2,8,14,,-44.00%,
"Morgan County, IN",18,109,2020,February,2,9,30,,100.00%,
"Newton County, IN",18,111,2020,February,2,5,11,,100.00%,
"Newton County, IN",18,111,2020,February,2,6,,(D),,(D)
"Newton County, IN",18,111,2020,February,2,7,,(D),,(D)
"Newton County, IN",18,111,2020,February,2,8,,(D),,(D)
"Newton County, IN",18,111,2020,February,2,9,,(D),,(D)
"Noble County, IN",18,113,2020,February,2,5,19,,-13.60%,
"Noble County, IN",18,113,2020,February,2,6,,(D),,(D)
"Noble County, IN",18,113,2020,February,2,7,,(D),,(D)
"Noble County, IN",18,113,2020,February,2,8,25,,78.60%,
"Noble County, IN",18,113,2020,February,2,9,29,,61.10%,
"Ohio County, IN",18,115,2020,February,2,5,,(D),,(D)
"Ohio County, IN",18,115,2020,February,2,6,,(D),,(D)
"Ohio County, IN",18,115,2020,February,2,7,,(D),,(D)
"Ohio County, IN",18,115,2020,February,2,8,,(D),,(D)
"Ohio County, IN",18,115,2020,February,2,9,,(D),,(D)
"Orange County, IN",18,117,2020,February,2,5,,(D),,(D)
"Orange County, IN",18,117,2020,February,2,6,,(D),,(D)
"Orange County, IN",18,117,2020,February,2,7,13,,100.00%,
"Orange County, IN",18,117,2020,February,2,8,,(D),,(D)
"Owen County, IN",18,119,2020,February,2,5,13,,,
"Owen County, IN",18,119,2020,February,2,6,,(D),,(D)
"Owen County, IN",18,119,2020,February,2,7,,(D),,(D)
"Owen County, IN",18,119,2020,February,2,8,,(D),,(D)
"Owen County, IN",18,119,2020,February,2,9,,(D),,(D)
"Parke County, IN",18,121,2020,February,2,5,13,,100.00%,
"Parke County, IN",18,121,2020,February,2,6,,(D),,(D)
"Parke County, IN",18,121,2020,February,2,7,,(D),,(D)
"Parke County, IN",18,121,2020,February,2,8,,(D),,(D)
"Parke County, IN",18,121,2020,February,2,9,,(D),,(D)
"Perry County, IN",18,123,2020,February,2,5,,(D),,(D)
"Perry County, IN",18,123,2020,February,2,6,,(D),,(D)
"Perry County, IN",18,123,2020,February,2,7,,(D),,(D)
"Perry County, IN",18,123,2020,February,2,8,,(D),,(D)
"Perry County, IN",18,123,2020,February,2,9,,(D),,(D)
"Pike County, IN",18,125,2020,February,2,5,12,,100.00%,
"Pike County, IN",18,125,2020,February,2,6,,(D),,(D)
"Pike County, IN",18,125,2020,February,2,7,,(D),,(D)
"Pike County, IN",18,125,2020,February,2,8,12,,100.00%,
"Pike County, IN",18,125,2020,February,2,9,,(D),,(D)
"Porter County, IN",18,127,2020,February,2,5,110,,6.80%,
"Porter County, IN",18,127,2020,February,2,6,73,,-38.10%,
"Porter County, IN",18,127,2020,February,2,7,71,,18.30%,
"Porter County, IN",18,127,2020,February,2,8,78,,34.50%,
"Porter County, IN",18,127,2020,February,2,9,95,,17.30%,
"Posey County, IN",18,129,2020,February,2,5,,(D),,(D)
"Posey County, IN",18,129,2020,February,2,6,12,,-14.30%,
"Posey County, IN",18,129,2020,February,2,7,,(D),,(D)
"Posey County, IN",18,129,2020,February,2,8,,(D),,(D)
"Posey County, IN",18,129,2020,February,2,9,,(D),,(D)
"Pulaski County, IN",18,131,2020,February,2,5,,(D),,(D)
"Pulaski County, IN",18,131,2020,February,2,6,,(D),,(D)
"Pulaski County, IN",18,131,2020,February,2,7,,(D),,(D)
"Pulaski County, IN",18,131,2020,February,2,8,,(D),,(D)
"Putnam County, IN",18,133,2020,February,2,5,12,,-7.70%,
"Putnam County, IN",18,133,2020,February,2,6,14,,27.30%,
"Putnam County, IN",18,133,2020,February,2,7,17,,54.50%,
"Putnam County, IN",18,133,2020,February,2,8,21,,10.50%,
"Putnam County, IN",18,133,2020,February,2,9,,(D),,(D)
"Randolph County, IN",18,135,2020,February,2,5,14,,-6.70%,
"Randolph County, IN",18,135,2020,February,2,6,,(D),,(D)
"Randolph County, IN",18,135,2020,February,2,7,,(D),,(D)
"Randolph County, IN",18,135,2020,February,2,8,13,,100.00%,
"Randolph County, IN",18,135,2020,February,2,9,,(D),,(D)
"Ripley County, IN",18,137,2020,February,2,5,20,,81.80%,
"Ripley County, IN",18,137,2020,February,2,6,,(D),,(D)
"Ripley County, IN",18,137,2020,February,2,7,11,,100.00%,
"Ripley County, IN",18,137,2020,February,2,8,,(D),,(D)
"Ripley County, IN",18,137,2020,February,2,9,,(D),,(D)
"Rush County, IN",18,139,2020,February,2,5,,(D),,(D)
"Rush County, IN",18,139,2020,February,2,6,,(D),,(D)
"Rush County, IN",18,139,2020,February,2,7,,(D),,(D)
"Rush County, IN",18,139,2020,February,2,8,10,,100.00%,
"Rush County, IN",18,139,2020,February,2,9,,(D),,(D)
"St. Joseph County, IN",18,141,2020,February,2,5,145,,30.60%,
"St. Joseph County, IN",18,141,2020,February,2,6,125,,-43.90%,
"St. Joseph County, IN",18,141,2020,February,2,7,130,,44.40%,
"St. Joseph County, IN",18,141,2020,February,2,8,124,,7.80%,
"St. Joseph County, IN",18,141,2020,February,2,9,107,,-30.10%,
"Scott County, IN",18,143,2020,February,2,5,,(D),,(D)
"Scott County, IN",18,143,2020,February,2,6,,(D),,(D)
"Scott County, IN",18,143,2020,February,2,7,,(D),,(D)
"Scott County, IN",18,143,2020,February,2,8,13,,,
"Scott County, IN",18,143,2020,February,2,9,,(D),,(D)
"Shelby County, IN",18,145,2020,February,2,5,17,,,
"Shelby County, IN",18,145,2020,February,2,6,17,,54.50%,
"Shelby County, IN",18,145,2020,February,2,7,23,,100.00%,
"Shelby County, IN",18,145,2020,February,2,8,62,,100.00%,
"Shelby County, IN",18,145,2020,February,2,9,17,,13.30%,
"Spencer County, IN",18,147,2020,February,2,5,,(D),,(D)
"Spencer County, IN",18,147,2020,February,2,6,17,,-15.00%,
"Spencer County, IN",18,147,2020,February,2,7,,(D),,(D)
"Spencer County, IN",18,147,2020,February,2,8,10,,100.00%,
"Spencer County, IN",18,147,2020,February,2,9,,(D),,(D)
"Starke County, IN",18,149,2020,February,2,5,19,,-13.60%,
"Starke County, IN",18,149,2020,February,2,6,21,,-22.20%,
"Starke County, IN",18,149,2020,February,2,7,18,,100.00%,
"Starke County, IN",18,149,2020,February,2,8,17,,30.80%,
"Starke County, IN",18,149,2020,February,2,9,14,,40.00%,
"Steuben County, IN",18,151,2020,February,2,5,13,,18.20%,
"Steuben County, IN",18,151,2020,February,2,6,13,,-40.90%,
"Steuben County, IN",18,151,2020,February,2,7,10,,,
"Steuben County, IN",18,151,2020,February,2,8,24,,100.00%,
"Steuben County, IN",18,151,2020,February,2,9,20,,100.00%,
"Sullivan County, IN",18,153,2020,February,2,5,17,,41.70%,
"Sullivan County, IN",18,153,2020,February,2,6,20,,66.70%,
"Sullivan County, IN",18,153,2020,February,2,7,,(D),,(D)
"Sullivan County, IN",18,153,2020,February,2,8,16,,100.00%,
"Sullivan County, IN",18,153,2020,February,2,9,,(D),,(D)
"Switzerland County, IN",18,155,2020,February,2,5,,(D),,(D)
"Switzerland County, IN",18,155,2020,February,2,6,,(D),,(D)
"Switzerland County, IN",18,155,2020,February,2,7,,(D),,(D)
"Switzerland County, IN",18,155,2020,February,2,8,,(D),,(D)
"Tippecanoe County, IN",18,157,2020,February,2,5,45,,2.30%,
"Tippecanoe County, IN",18,157,2020,February,2,6,51,,30.80%,
"Tippecanoe County, IN",18,157,2020,February,2,7,50,,100.00%,
"Tippecanoe County, IN",18,157,2020,February,2,8,46,,91.70%,
"Tippecanoe County, IN",18,157,2020,February,2,9,53,,178.90%,
"Tipton County, IN",18,159,2020,February,2,5,,(D),,(D)
"Tipton County, IN",18,159,2020,February,2,6,,(D),,(D)
"Tipton County, IN",18,159,2020,February,2,7,,(D),,(D)
"Tipton County, IN",18,159,2020,February,2,8,,(D),,(D)
"Tipton County, IN",18,159,2020,February,2,9,,(D),,(D)
"Union County, IN",18,161,2020,February,2,5,,(D),,(D)
"Union County, IN",18,161,2020,February,2,8,,(D),,
"Union County, IN",18,161,2020,February,2,9,,(D),,
"Vanderburgh County, IN",18,163,2020,February,2,5,138,,50.00%,
"Vanderburgh County, IN",18,163,2020,February,2,6,100,,33.30%,
"Vanderburgh County, IN",18,163,2020,February,2,7,84,,15.10%,
"Vanderburgh County, IN",18,163,2020,February,2,8,67,,-8.20%,
"Vanderburgh County, IN",18,163,2020,February,2,9,74,,34.50%,
"Vermillion County, IN",18,165,2020,February,2,5,,(D),,(D)
"Vermillion County, IN",18,165,2020,February,2,6,,(D),,(D)
"Vermillion County, IN",18,165,2020,February,2,7,,(D),,(D)
"Vermillion County, IN",18,165,2020,February,2,8,,(D),,(D)
"Vermillion County, IN",18,165,2020,February,2,9,,(D),,(D)
"Vigo County, IN",18,167,2020,February,2,5,50,,-31.50%,
"Vigo County, IN",18,167,2020,February,2,6,45,,-26.20%,
"Vigo County, IN",18,167,2020,February,2,7,40,,11.10%,
"Vigo County, IN",18,167,2020,February,2,8,33,,-19.50%,
"Vigo County, IN",18,167,2020,February,2,9,35,,-5.40%,
"Wabash County, IN",18,169,2020,February,2,5,,(D),,(D)
"Wabash County, IN",18,169,2020,February,2,6,23,,53.30%,
"Wabash County, IN",18,169,2020,February,2,7,,(D),,(D)
"Wabash County, IN",18,169,2020,February,2,8,11,,100.00%,
"Wabash County, IN",18,169,2020,February,2,9,,(D),,(D)
"Warren County, IN",18,171,2020,February,2,5,,(D),,(D)
"Warren County, IN",18,171,2020,February,2,6,,(D),,(D)
"Warren County, IN",18,171,2020,February,2,7,,(D),,
"Warren County, IN",18,171,2020,February,2,9,,(D),,
"Warrick County, IN",18,173,2020,February,2,5,42,,2.40%,
"Warrick County, IN",18,173,2020,February,2,6,25,,-21.90%,
"Warrick County, IN",18,173,2020,February,2,7,20,,-33.30%,
"Warrick County, IN",18,173,2020,February,2,8,24,,-7.70%,
"Warrick County, IN",18,173,2020,February,2,9,13,,-51.90%,
"Washington County, IN",18,175,2020,February,2,5,10,,-44.40%,
"Washington County, IN",18,175,2020,February,2,6,,(D),,(D)
"Washington County, IN",18,175,2020,February,2,7,13,,-31.60%,
"Washington County, IN",18,175,2020,February,2,8,,(D),,(D)
"Washington County, IN",18,175,2020,February,2,9,10,,100.00%,
"Wayne County, IN",18,177,2020,February,2,5,14,,-33.30%,
"Wayne County, IN",18,177,2020,February,2,6,18,,-5.30%,
"Wayne County, IN",18,177,2020,February,2,7,25,,,
"Wayne County, IN",18,177,2020,February,2,8,19,,-5.00%,
"Wayne County, IN",18,177,2020,February,2,9,10,,-41.20%,
"Wells County, IN",18,179,2020,February,2,5,15,,36.40%,
"Wells County, IN",18,179,2020,February,2,6,,(D),,(D)
"Wells County, IN",18,179,2020,February,2,7,,(D),,(D)
"Wells County, IN",18,179,2020,February,2,8,24,,100.00%,
"Wells County, IN",18,179,2020,February,2,9,,(D),,(D)
"White County, IN",18,181,2020,February,2,5,19,,100.00%,
"White County, IN",18,181,2020,February,2,6,,(D),,(D)
"White County, IN",18,181,2020,February,2,7,16,,100.00%,
"White County, IN",18,181,2020,February,2,8,12,,100.00%,
"White County, IN",18,181,2020,February,2,9,,(D),,(D)
"Whitley County, IN",18,183,2020,February,2,5,14,,-6.70%,
"Whitley County, IN",18,183,2020,February,2,6,10,,-52.40%,
"Whitley County, IN",18,183,2020,February,2,7,,(D),,(D)
"Whitley County, IN",18,183,2020,February,2,8,20,,81.80%,
"Whitley County, IN",18,183,2020,February,2,9,12,,-20.00%,
Geography,State Fips,County Fips,Year,Month,Month Code,week,Initial Claims,Disclosure Code,Pct. Change from Same,Disclosure Code
,,,,,,,,,Week Last Year,
"Adams County, IN",18,1,2020,January,1,1,20,,,
"Adams County, IN",18,1,2020,January,1,2,16,,23.10%,
"Adams County, IN",18,1,2020,January,1,3,,(D),,(D)
"Adams County, IN",18,1,2020,January,1,4,10,,100.00%,
"Allen County, IN",18,3,2020,January,1,1,198,,31.10%,
"Allen County, IN",18,3,2020,January,1,2,245,,39.20%,
"Allen County, IN",18,3,2020,January,1,3,251,,71.90%,
"Allen County, IN",18,3,2020,January,1,4,164,,31.20%,
"Bartholomew County, IN",18,5,2020,January,1,1,33,,-15.40%,
"Bartholomew County, IN",18,5,2020,January,1,2,43,,-12.20%,
"Bartholomew County, IN",18,5,2020,January,1,3,26,,-25.70%,
"Bartholomew County, IN",18,5,2020,January,1,4,19,,-52.50%,
"Benton County, IN",18,7,2020,January,1,1,,(D),,(D)
"Benton County, IN",18,7,2020,January,1,2,,(D),,(D)
"Benton County, IN",18,7,2020,January,1,3,,(D),,(D)
"Benton County, IN",18,7,2020,January,1,4,,(D),,(D)
"Blackford County, IN",18,9,2020,January,1,1,,(D),,(D)
"Blackford County, IN",18,9,2020,January,1,2,10,,-9.10%,
"Blackford County, IN",18,9,2020,January,1,3,,(D),,(D)
"Blackford County, IN",18,9,2020,January,1,4,,(D),,(D)
"Boone County, IN",18,11,2020,January,1,1,16,,-50.00%,
"Boone County, IN",18,11,2020,January,1,2,26,,-27.80%,
"Boone County, IN",18,11,2020,January,1,3,17,,-5.60%,
"Boone County, IN",18,11,2020,January,1,4,13,,-13.30%,
"Brown County, IN",18,13,2020,January,1,1,,(D),,(D)
"Brown County, IN",18,13,2020,January,1,2,20,,17.60%,
"Brown County, IN",18,13,2020,January,1,3,,(D),,(D)
"Brown County, IN",18,13,2020,January,1,4,,(D),,(D)
"Carroll County, IN",18,15,2020,January,1,1,11,,-15.40%,
"Carroll County, IN",18,15,2020,January,1,2,11,,-26.70%,
"Carroll County, IN",18,15,2020,January,1,3,,(D),,(D)
"Carroll County, IN",18,15,2020,January,1,4,,(D),,(D)
"Cass County, IN",18,17,2020,January,1,1,26,,-7.10%,
"Cass County, IN",18,17,2020,January,1,2,35,,-5.40%,
"Cass County, IN",18,17,2020,January,1,3,21,,-36.40%,
"Cass County, IN",18,17,2020,January,1,4,12,,-40.00%,
"Clark County, IN",18,19,2020,January,1,1,34,,-52.10%,
"Clark County, IN",18,19,2020,January,1,2,46,,-40.30%,
"Clark County, IN",18,19,2020,January,1,3,41,,17.10%,
"Clark County, IN",18,19,2020,January,1,4,29,,-34.10%,
"Clay County, IN",18,21,2020,January,1,1,25,,-35.90%,
"Clay County, IN",18,21,2020,January,1,2,31,,6.90%,
"Clay County, IN",18,21,2020,January,1,3,19,,5.60%,
"Clay County, IN",18,21,2020,January,1,4,,(D),,(D)
"Clinton County, IN",18,23,2020,January,1,1,15,,36.40%,
"Clinton County, IN",18,23,2020,January,1,2,15,,-34.80%,
"Clinton County, IN",18,23,2020,January,1,3,14,,7.70%,
"Clinton County, IN",18,23,2020,January,1,4,,(D),,(D)
"Crawford County, IN",18,25,2020,January,1,1,23,,64.30%,
"Crawford County, IN",18,25,2020,January,1,2,16,,,
"Crawford County, IN",18,25,2020,January,1,3,,(D),,(D)
"Crawford County, IN",18,25,2020,January,1,4,,(D),,(D)
"Daviess County, IN",18,27,2020,January,1,1,,(D),,(D)
"Daviess County, IN",18,27,2020,January,1,2,14,,40.00%,
"Daviess County, IN",18,27,2020,January,1,3,12,,9.10%,
"Daviess County, IN",18,27,2020,January,1,4,13,,100.00%,
"Dearborn County, IN",18,29,2020,January,1,1,21,,31.30%,
"Dearborn County, IN",18,29,2020,January,1,2,23,,-4.20%,
"Dearborn County, IN",18,29,2020,January,1,3,18,,-5.30%,
"Dearborn County, IN",18,29,2020,January,1,4,14,,100.00%,
"Decatur County, IN",18,31,2020,January,1,1,27,,-12.90%,
"Decatur County, IN",18,31,2020,January,1,2,19,,5.60%,
"Decatur County, IN",18,31,2020,January,1,3,14,,40.00%,
"Decatur County, IN",18,31,2020,January,1,4,,(D),,(D)
"DeKalb County, IN",18,33,2020,January,1,1,28,,16.70%,
"DeKalb County, IN",18,33,2020,January,1,2,25,,25.00%,
"DeKalb County, IN",18,33,2020,January,1,3,23,,,
"DeKalb County, IN",18,33,2020,January,1,4,17,,-5.60%,
"Delaware County, IN",18,35,2020,January,1,1,102,,1.00%,
"Delaware County, IN",18,35,2020,January,1,2,93,,-3.10%,
"Delaware County, IN",18,35,2020,January,1,3,71,,6.00%,
"Delaware County, IN",18,35,2020,January,1,4,64,,-11.10%,
"Dubois County, IN",18,37,2020,January,1,1,29,,38.10%,
"Dubois County, IN",18,37,2020,January,1,2,14,,-6.70%,
"Dubois County, IN",18,37,2020,January,1,3,17,,-26.10%,
"Dubois County, IN",18,37,2020,January,1,4,13,,-43.50%,
"Elkhart County, IN",18,39,2020,January,1,1,228,,24.60%,
"Elkhart County, IN",18,39,2020,January,1,2,225,,43.30%,
"Elkhart County, IN",18,39,2020,January,1,3,225,,50.00%,
"Elkhart County, IN",18,39,2020,January,1,4,68,,-41.40%,
"Fayette County, IN",18,41,2020,January,1,1,,(D),,(D)
"Fayette County, IN",18,41,2020,January,1,2,10,,-23.10%,
"Fayette County, IN",18,41,2020,January,1,3,,(D),,(D)
"Fayette County, IN",18,41,2020,January,1,4,13,,-13.30%,
"Floyd County, IN",18,43,2020,January,1,1,20,,-23.10%,
"Floyd County, IN",18,43,2020,January,1,2,41,,32.30%,
"Floyd County, IN",18,43,2020,January,1,3,27,,80.00%,
"Floyd County, IN",18,43,2020,January,1,4,13,,-43.50%,
"Fountain County, IN",18,45,2020,January,1,1,10,,-9.10%,
"Fountain County, IN",18,45,2020,January,1,2,,(D),,(D)
"Fountain County, IN",18,45,2020,January,1,3,10,,,
"Fountain County, IN",18,45,2020,January,1,4,,(D),,(D)
"Franklin County, IN",18,47,2020,January,1,1,17,,6.30%,
"Franklin County, IN",18,47,2020,January,1,2,17,,-5.60%,
"Franklin County, IN",18,47,2020,January,1,3,,(D),,(D)
"Franklin County, IN",18,47,2020,January,1,4,,(D),,(D)
"Fulton County, IN",18,49,2020,January,1,1,20,,100.00%,
"Fulton County, IN",18,49,2020,January,1,2,13,,-18.80%,
"Fulton County, IN",18,49,2020,January,1,3,19,,35.70%,
"Fulton County, IN",18,49,2020,January,1,4,11,,-15.40%,
"Gibson County, IN",18,51,2020,January,1,1,19,,-24.00%,
"Gibson County, IN",18,51,2020,January,1,2,24,,,
"Gibson County, IN",18,51,2020,January,1,3,18,,50.00%,
"Gibson County, IN",18,51,2020,January,1,4,15,,15.40%,
"Grant County, IN",18,53,2020,January,1,1,41,,32.30%,
"Grant County, IN",18,53,2020,January,1,2,75,,15.40%,
"Grant County, IN",18,53,2020,January,1,3,42,,68.00%,
"Grant County, IN",18,53,2020,January,1,4,29,,38.10%,
"Greene County, IN",18,55,2020,January,1,1,29,,-9.40%,
"Greene County, IN",18,55,2020,January,1,2,33,,17.90%,
"Greene County, IN",18,55,2020,January,1,3,17,,-32.00%,
"Greene County, IN",18,55,2020,January,1,4,30,,-16.70%,
"Hamilton County, IN",18,57,2020,January,1,1,106,,-0.90%,
"Hamilton County, IN",18,57,2020,January,1,2,127,,41.10%,
"Hamilton County, IN",18,57,2020,January,1,3,80,,-12.10%,
"Hamilton County, IN",18,57,2020,January,1,4,77,,32.80%,
"Hancock County, IN",18,59,2020,January,1,1,32,,-3.00%,
"Hancock County, IN",18,59,2020,January,1,2,30,,-33.30%,
"Hancock County, IN",18,59,2020,January,1,3,29,,-14.70%,
"Hancock County, IN",18,59,2020,January,1,4,16,,-66.00%,
"Harrison County, IN",18,61,2020,January,1,1,34,,21.40%,
"Harrison County, IN",18,61,2020,January,1,2,27,,-20.60%,
"Harrison County, IN",18,61,2020,January,1,3,16,,-42.90%,
"Harrison County, IN",18,61,2020,January,1,4,18,,-30.80%,
"Hendricks County, IN",18,63,2020,January,1,1,64,,-9.90%,
"Hendricks County, IN",18,63,2020,January,1,2,49,,-38.00%,
"Hendricks County, IN",18,63,2020,January,1,3,65,,35.40%,
"Hendricks County, IN",18,63,2020,January,1,4,54,,20.00%,
"Henry County, IN",18,65,2020,January,1,1,28,,-31.70%,
"Henry County, IN",18,65,2020,January,1,2,30,,-18.90%,
"Henry County, IN",18,65,2020,January,1,3,21,,-12.50%,
"Henry County, IN",18,65,2020,January,1,4,25,,,
"Howard County, IN",18,67,2020,January,1,1,58,,-1.70%,
"Howard County, IN",18,67,2020,January,1,2,67,,6.30%,
"Howard County, IN",18,67,2020,January,1,3,58,,52.60%,
"Howard County, IN",18,67,2020,January,1,4,50,,31.60%,
"Huntington County, IN",18,69,2020,January,1,1,21,,-34.40%,
"Huntington County, IN",18,69,2020,January,1,2,23,,-39.50%,
"Huntington County, IN",18,69,2020,January,1,3,35,,66.70%,
"Huntington County, IN",18,69,2020,January,1,4,15,,-6.30%,
"Jackson County, IN",18,71,2020,January,1,1,23,,,
"Jackson County, IN",18,71,2020,January,1,2,30,,-9.10%,
"Jackson County, IN",18,71,2020,January,1,3,15,,-25.00%,
"Jackson County, IN",18,71,2020,January,1,4,12,,,
"Jasper County, IN",18,73,2020,January,1,1,75,,56.30%,
"Jasper County, IN",18,73,2020,January,1,2,56,,80.60%,
"Jasper County, IN",18,73,2020,January,1,3,33,,3.10%,
"Jasper County, IN",18,73,2020,January,1,4,27,,-3.60%,
"Jay County, IN",18,75,2020,January,1,1,12,,9.10%,
"Jay County, IN",18,75,2020,January,1,2,,(D),,(D)
"Jay County, IN",18,75,2020,January,1,3,,(D),,(D)
"Jay County, IN",18,75,2020,January,1,4,,(D),,(D)
"Jefferson County, IN",18,77,2020,January,1,1,19,,11.80%,
"Jefferson County, IN",18,77,2020,January,1,2,18,,28.60%,
"Jefferson County, IN",18,77,2020,January,1,3,12,,100.00%,
"Jefferson County, IN",18,77,2020,January,1,4,,(D),,(D)
"Jennings County, IN",18,79,2020,January,1,1,18,,-47.10%,
"Jennings County, IN",18,79,2020,January,1,2,21,,-8.70%,
"Jennings County, IN",18,79,2020,January,1,3,10,,-41.20%,
"Jennings County, IN",18,79,2020,January,1,4,11,,-26.70%,
"Johnson County, IN",18,81,2020,January,1,1,53,,-1.90%,
"Johnson County, IN",18,81,2020,January,1,2,71,,-11.30%,
"Johnson County, IN",18,81,2020,January,1,3,53,,-20.90%,
"Johnson County, IN",18,81,2020,January,1,4,46,,-39.50%,
"Knox County, IN",18,83,2020,January,1,1,19,,46.20%,
"Knox County, IN",18,83,2020,January,1,2,26,,73.30%,
"Knox County, IN",18,83,2020,January,1,3,20,,100.00%,
"Knox County, IN",18,83,2020,January,1,4,26,,100.00%,
"Kosciusko County, IN",18,85,2020,January,1,1,59,,25.50%,
"Kosciusko County, IN",18,85,2020,January,1,2,89,,64.80%,
"Kosciusko County, IN",18,85,2020,January,1,3,54,,3.80%,
"Kosciusko County, IN",18,85,2020,January,1,4,28,,12.00%,
"LaGrange County, IN",18,87,2020,January,1,1,39,,30.00%,
"LaGrange County, IN",18,87,2020,January,1,2,29,,-3.30%,
"LaGrange County, IN",18,87,2020,January,1,3,28,,64.70%,
"LaGrange County, IN",18,87,2020,January,1,4,12,,100.00%,
"Lake County, IN",18,89,2020,January,1,1,399,,7.00%,
"Lake County, IN",18,89,2020,January,1,2,404,,17.40%,
"Lake County, IN",18,89,2020,January,1,3,268,,-7.60%,
"Lake County, IN",18,89,2020,January,1,4,281,,22.70%,
"LaPorte County, IN",18,91,2020,January,1,1,109,,7.90%,
"LaPorte County, IN",18,91,2020,January,1,2,83,,-27.20%,
"LaPorte County, IN",18,91,2020,January,1,3,86,,-23.90%,
"LaPorte County, IN",18,91,2020,January,1,4,64,,-34.70%,
"Lawrence County, IN",18,93,2020,January,1,1,42,,-17.60%,
"Lawrence County, IN",18,93,2020,January,1,2,36,,-20.00%,
"Lawrence County, IN",18,93,2020,January,1,3,23,,-23.30%,
"Lawrence County, IN",18,93,2020,January,1,4,18,,,
"Madison County, IN",18,95,2020,January,1,1,126,,-11.30%,
"Madison County, IN",18,95,2020,January,1,2,117,,21.90%,
"Madison County, IN",18,95,2020,January,1,3,80,,9.60%,
"Madison County, IN",18,95,2020,January,1,4,74,,8.80%,
"Marion County, IN",18,97,2020,January,1,1,453,,-14.50%,
"Marion County, IN",18,97,2020,January,1,2,591,,-21.30%,
"Marion County, IN",18,97,2020,January,1,3,468,,-25.90%,
"Marion County, IN",18,97,2020,January,1,4,420,,-11.40%,
"Marshall County, IN",18,99,2020,January,1,1,33,,13.80%,
"Marshall County, IN",18,99,2020,January,1,2,40,,21.20%,
"Marshall County, IN",18,99,2020,January,1,3,32,,88.20%,
"Marshall County, IN",18,99,2020,January,1,4,16,,-23.80%,
"Martin County, IN",18,101,2020,January,1,1,,(D),,(D)
"Martin County, IN",18,101,2020,January,1,2,,(D),,(D)
"Martin County, IN",18,101,2020,January,1,3,,(D),,(D)
"Martin County, IN",18,101,2020,January,1,4,,(D),,(D)
"Miami County, IN",18,103,2020,January,1,1,37,,-11.90%,
"Miami County, IN",18,103,2020,January,1,2,45,,45.20%,
"Miami County, IN",18,103,2020,January,1,3,22,,4.80%,
"Miami County, IN",18,103,2020,January,1,4,25,,38.90%,
"Monroe County, IN",18,105,2020,January,1,1,52,,-8.80%,
"Monroe County, IN",18,105,2020,January,1,2,54,,-15.60%,
"Monroe County, IN",18,105,2020,January,1,3,37,,-14.00%,
"Monroe County, IN",18,105,2020,January,1,4,34,,3.00%,
"Montgomery County, IN",18,107,2020,January,1,1,15,,25.00%,
"Montgomery County, IN",18,107,2020,January,1,2,15,,-21.10%,
"Montgomery County, IN",18,107,2020,January,1,3,13,,-18.80%,
"Montgomery County, IN",18,107,2020,January,1,4,12,,-7.70%,
"Morgan County, IN",18,109,2020,January,1,1,60,,-3.20%,
"Morgan County, IN",18,109,2020,January,1,2,53,,-17.20%,
"Morgan County, IN",18,109,2020,January,1,3,40,,-11.10%,
"Morgan County, IN",18,109,2020,January,1,4,31,,-41.50%,
"Newton County, IN",18,111,2020,January,1,1,11,,100.00%,
"Newton County, IN",18,111,2020,January,1,2,,(D),,(D)
"Newton County, IN",18,111,2020,January,1,3,,(D),,(D)
"Newton County, IN",18,111,2020,January,1,4,,(D),,(D)
"Noble County, IN",18,113,2020,January,1,1,63,,18.90%,
"Noble County, IN",18,113,2020,January,1,2,51,,18.60%,
"Noble County, IN",18,113,2020,January,1,3,44,,15.80%,
"Noble County, IN",18,113,2020,January,1,4,21,,90.90%,
"Ohio County, IN",18,115,2020,January,1,1,,(D),,(D)
"Ohio County, IN",18,115,2020,January,1,2,,(D),,(D)
"Ohio County, IN",18,115,2020,January,1,3,,(D),,(D)
"Orange County, IN",18,117,2020,January,1,1,15,,50.00%,
"Orange County, IN",18,117,2020,January,1,2,18,,-14.30%,
"Orange County, IN",18,117,2020,January,1,3,13,,-18.80%,
"Orange County, IN",18,117,2020,January,1,4,11,,-42.10%,
"Owen County, IN",18,119,2020,January,1,1,27,,-12.90%,
"Owen County, IN",18,119,2020,January,1,2,12,,-25.00%,
"Owen County, IN",18,119,2020,January,1,3,17,,13.30%,
"Owen County, IN",18,119,2020,January,1,4,,(D),,(D)
"Parke County, IN",18,121,2020,January,1,1,13,,-45.80%,
"Parke County, IN",18,121,2020,January,1,2,,(D),,(D)
"Parke County, IN",18,121,2020,January,1,3,,(D),,(D)
"Parke County, IN",18,121,2020,January,1,4,,(D),,(D)
"Perry County, IN",18,123,2020,January,1,1,19,,-5.00%,
"Perry County, IN",18,123,2020,January,1,2,25,,38.90%,
"Perry County, IN",18,123,2020,January,1,3,10,,100.00%,
"Perry County, IN",18,123,2020,January,1,4,,(D),,(D)
"Pike County, IN",18,125,2020,January,1,1,14,,27.30%,
"Pike County, IN",18,125,2020,January,1,2,15,,36.40%,
"Pike County, IN",18,125,2020,January,1,3,,(D),,(D)
"Pike County, IN",18,125,2020,January,1,4,11,,100.00%,
"Porter County, IN",18,127,2020,January,1,1,172,,29.30%,
"Porter County, IN",18,127,2020,January,1,2,165,,22.20%,
"Porter County, IN",18,127,2020,January,1,3,100,,-22.50%,
"Porter County, IN",18,127,2020,January,1,4,115,,13.90%,
"Posey County, IN",18,129,2020,January,1,1,11,,-35.30%,
"Posey County, IN",18,129,2020,January,1,2,11,,100.00%,
"Posey County, IN",18,129,2020,January,1,3,,(D),,(D)
"Posey County, IN",18,129,2020,January,1,4,,(D),,(D)
"Pulaski County, IN",18,131,2020,January,1,1,11,,100.00%,
"Pulaski County, IN",18,131,2020,January,1,2,19,,90.00%,
"Pulaski County, IN",18,131,2020,January,1,3,10,,-16.70%,
"Pulaski County, IN",18,131,2020,January,1,4,,(D),,(D)
"Putnam County, IN",18,133,2020,January,1,1,35,,-28.60%,
"Putnam County, IN",18,133,2020,January,1,2,16,,,
"Putnam County, IN",18,133,2020,January,1,3,16,,-30.40%,
"Putnam County, IN",18,133,2020,January,1,4,11,,-42.10%,
"Randolph County, IN",18,135,2020,January,1,1,20,,-25.90%,
"Randolph County, IN",18,135,2020,January,1,2,24,,41.20%,
"Randolph County, IN",18,135,2020,January,1,3,15,,25.00%,
"Randolph County, IN",18,135,2020,January,1,4,12,,-50.00%,
"Ripley County, IN",18,137,2020,January,1,1,16,,23.10%,
"Ripley County, IN",18,137,2020,January,1,2,13,,-43.50%,
"Ripley County, IN",18,137,2020,January,1,3,,(D),,(D)
"Ripley County, IN",18,137,2020,January,1,4,,(D),,(D)
"Rush County, IN",18,139,2020,January,1,1,12,,20.00%,
"Rush County, IN",18,139,2020,January,1,2,,(D),,(D)
"Rush County, IN",18,139,2020,January,1,3,10,,100.00%,
"Rush County, IN",18,139,2020,January,1,4,,(D),,(D)
"St. Joseph County, IN",18,141,2020,January,1,1,196,,10.10%,
"St. Joseph County, IN",18,141,2020,January,1,2,271,,13.40%,
"St. Joseph County, IN",18,141,2020,January,1,3,223,,53.80%,
"St. Joseph County, IN",18,141,2020,January,1,4,155,,-8.80%,
"Scott County, IN",18,143,2020,January,1,1,,(D),,(D)
"Scott County, IN",18,143,2020,January,1,2,,(D),,(D)
"Scott County, IN",18,143,2020,January,1,3,10,,,
"Scott County, IN",18,143,2020,January,1,4,12,,,
"Shelby County, IN",18,145,2020,January,1,1,22,,-15.40%,
"Shelby County, IN",18,145,2020,January,1,2,16,,-40.70%,
"Shelby County, IN",18,145,2020,January,1,3,,(D),,(D)
"Shelby County, IN",18,145,2020,January,1,4,16,,-30.40%,
"Spencer County, IN",18,147,2020,January,1,1,20,,-16.70%,
"Spencer County, IN",18,147,2020,January,1,2,28,,55.60%,
"Spencer County, IN",18,147,2020,January,1,3,20,,25.00%,
"Spencer County, IN",18,147,2020,January,1,4,17,,6.30%,
"Starke County, IN",18,149,2020,January,1,1,33,,-5.70%,
"Starke County, IN",18,149,2020,January,1,2,28,,-9.70%,
"Starke County, IN",18,149,2020,January,1,3,26,,-3.70%,
"Starke County, IN",18,149,2020,January,1,4,19,,-13.60%,
"Steuben County, IN",18,151,2020,January,1,1,24,,4.30%,
"Steuben County, IN",18,151,2020,January,1,2,21,,23.50%,
"Steuben County, IN",18,151,2020,January,1,3,23,,35.30%,
"Steuben County, IN",18,151,2020,January,1,4,10,,-16.70%,
"Sullivan County, IN",18,153,2020,January,1,1,17,,-5.60%,
"Sullivan County, IN",18,153,2020,January,1,2,18,,-18.20%,
"Sullivan County, IN",18,153,2020,January,1,3,17,,54.50%,
"Sullivan County, IN",18,153,2020,January,1,4,29,,163.60%,
"Switzerland County, IN",18,155,2020,January,1,1,,(D),,(D)
"Switzerland County, IN",18,155,2020,January,1,2,,(D),,(D)
"Switzerland County, IN",18,155,2020,January,1,3,,(D),,(D)
"Switzerland County, IN",18,155,2020,January,1,4,,(D),,(D)
"Tippecanoe County, IN",18,157,2020,January,1,1,61,,5.20%,
"Tippecanoe County, IN",18,157,2020,January,1,2,87,,58.20%,
"Tippecanoe County, IN",18,157,2020,January,1,3,59,,40.50%,
"Tippecanoe County, IN",18,157,2020,January,1,4,46,,17.90%,
"Tipton County, IN",18,159,2020,January,1,1,11,,-42.10%,
"Tipton County, IN",18,159,2020,January,1,2,14,,27.30%,
"Tipton County, IN",18,159,2020,January,1,3,10,,100.00%,
"Tipton County, IN",18,159,2020,January,1,4,,(D),,(D)
"Union County, IN",18,161,2020,January,1,1,,(D),,(D)
"Union County, IN",18,161,2020,January,1,2,,(D),,(D)
"Union County, IN",18,161,2020,January,1,3,,(D),,(D)
"Vanderburgh County, IN",18,163,2020,January,1,1,110,,15.80%,
"Vanderburgh County, IN",18,163,2020,January,1,2,139,,5.30%,
"Vanderburgh County, IN",18,163,2020,January,1,3,98,,-3.90%,
"Vanderburgh County, IN",18,163,2020,January,1,4,85,,-5.60%,
"Vermillion County, IN",18,165,2020,January,1,1,,(D),,(D)
"Vermillion County, IN",18,165,2020,January,1,2,10,,-68.80%,
"Vermillion County, IN",18,165,2020,January,1,3,17,,41.70%,
"Vermillion County, IN",18,165,2020,January,1,4,,(D),,(D)
"Vigo County, IN",18,167,2020,January,1,1,69,,-33.70%,
"Vigo County, IN",18,167,2020,January,1,2,110,,,
"Vigo County, IN",18,167,2020,January,1,3,55,,-11.30%,
"Vigo County, IN",18,167,2020,January,1,4,51,,-37.00%,
"Wabash County, IN",18,169,2020,January,1,1,22,,69.20%,
"Wabash County, IN",18,169,2020,January,1,2,28,,40.00%,
"Wabash County, IN",18,169,2020,January,1,3,12,,-14.30%,
"Wabash County, IN",18,169,2020,January,1,4,11,,-38.90%,
"Warren County, IN",18,171,2020,January,1,1,,(D),,(D)
"Warren County, IN",18,171,2020,January,1,2,,(D),,(D)
"Warren County, IN",18,171,2020,January,1,3,,(D),,(D)
"Warren County, IN",18,171,2020,January,1,4,,(D),,(D)
"Warrick County, IN",18,173,2020,January,1,1,38,,-13.60%,
"Warrick County, IN",18,173,2020,January,1,2,40,,-34.40%,
"Warrick County, IN",18,173,2020,January,1,3,32,,-15.80%,
"Warrick County, IN",18,173,2020,January,1,4,28,,-6.70%,
"Washington County, IN",18,175,2020,January,1,1,24,,-40.00%,
"Washington County, IN",18,175,2020,January,1,2,28,,-22.20%,
"Washington County, IN",18,175,2020,January,1,3,17,,13.30%,
"Washington County, IN",18,175,2020,January,1,4,10,,-54.50%,
"Wayne County, IN",18,177,2020,January,1,1,37,,-21.30%,
"Wayne County, IN",18,177,2020,January,1,2,41,,24.20%,
"Wayne County, IN",18,177,2020,January,1,3,32,,-5.90%,
"Wayne County, IN",18,177,2020,January,1,4,24,,-17.20%,
"Wells County, IN",18,179,2020,January,1,1,22,,15.80%,
"Wells County, IN",18,179,2020,January,1,2,13,,8.30%,
"Wells County, IN",18,179,2020,January,1,3,19,,100.00%,
"Wells County, IN",18,179,2020,January,1,4,,(D),,(D)
"White County, IN",18,181,2020,January,1,1,19,,-29.60%,
"White County, IN",18,181,2020,January,1,2,16,,14.30%,
"White County, IN",18,181,2020,January,1,3,19,,58.30%,
"White County, IN",18,181,2020,January,1,4,13,,-18.80%,
"Whitley County, IN",18,183,2020,January,1,1,15,,-34.80%,
"Whitley County, IN",18,183,2020,January,1,2,18,,-21.70%,
"Whitley County, IN",18,183,2020,January,1,3,23,,9.50%,
"Whitley County, IN",18,183,2020,January,1,4,17,,13.30%,
